epoch,node_train_loss,net_train_loss,node_val_loss,net_val_loss
0,1.0078802227973938,1.0045855164527893,1.0019583702087402,1.0019830465316772
1,0.9988110899925232,0.9945528328418731,0.999243974685669,0.9979605078697205
2,0.997676432132721,0.9915544509887695,1.0023503303527832,0.9957824349403381
3,0.9959218204021454,0.9899524927139283,1.0010313987731934,0.9962229132652283
4,0.9956147134304046,0.9888078689575195,1.0001325607299805,0.9964761734008789
5,0.9956402003765106,0.9883963823318481,1.0025814771652222,1.0007846355438232
6,0.9941577017307281,0.9870319306850434,1.0005217790603638,0.9971525073051453
7,0.9928445100784302,0.9856719255447388,1.0086127519607544,1.002667784690857
8,0.9947622954845429,0.984441339969635,1.0144712924957275,0.9994089603424072
9,0.9934302508831024,0.9839693605899811,1.0044769048690796,1.004990816116333
10,0.993079936504364,0.9813661396503448,1.0116864442825317,1.0056709051132202
11,0.990672641992569,0.9800858974456788,1.0074139833450317,1.007952332496643
12,0.9908288896083832,0.974595445394516,1.013456106185913,1.0175570249557495
13,0.9882181227207184,0.9777816236019135,1.0103275775909424,1.0144370794296265
14,0.985881894826889,0.9764747738838195,1.0187969207763672,1.0148805379867554
15,0.9853331089019776,0.9705293834209442,1.0155996084213257,1.0095343589782715
16,0.9882932722568512,0.972474467754364,1.0147658586502075,0.9972463250160217
17,0.9893859446048736,0.9736006438732148,1.0159624814987183,1.0286240577697754
18,0.9847935497760772,0.9664231836795807,1.0216714143753052,1.0105873346328735
19,0.9810874581336975,0.9565196394920349,1.0378034114837646,1.0630522966384888
20,0.9806128859519958,0.9664866328239441,1.0294055938720703,1.0360711812973022
21,0.9780756711959839,0.9605151057243347,1.0485600233078003,1.01625657081604
22,0.9763865947723389,0.947039794921875,1.032562017440796,1.05549955368042
23,0.971307384967804,0.9499387979507447,1.0648249387741089,1.0192168951034546
24,0.9700384020805359,0.9442272186279297,1.040489912033081,1.084726095199585
25,0.9686193883419036,0.9368346214294434,1.0496807098388672,1.02304208278656
26,0.967610889673233,0.9484225273132324,1.0194811820983887,1.0606389045715332
27,0.9667610406875611,0.9478993892669678,1.0419375896453857,1.058698296546936
28,0.9606158554553985,0.934347003698349,1.0322942733764648,1.0459764003753662
29,0.9593926131725311,0.9305960774421692,1.0679047107696533,1.0354361534118652
30,0.9752981781959533,0.923515909910202,1.0218915939331055,1.0350691080093384
31,0.9612546384334564,0.9148279547691345,1.029762864112854,1.0512748956680298
32,0.953050410747528,0.9041892766952515,1.0583728551864624,0.9889092445373535
33,0.9519458949565888,0.8867927670478821,1.0740716457366943,0.9890903234481812
34,0.9532864153385162,0.8704308331012726,1.0488170385360718,0.9230372309684753
35,0.9516379415988923,0.8698986411094666,1.0773282051086426,0.9347091913223267
36,0.9453851580619812,0.8493887782096863,1.112997055053711,0.9891554117202759
37,0.9491852641105651,0.8595916569232941,1.0574320554733276,0.8975003957748413
38,0.9448058187961579,0.8554123520851136,1.0869526863098145,0.9704087376594543
39,0.945855975151062,0.8592716991901398,1.1145775318145752,0.947361171245575
40,0.9416307926177978,0.8369119465351105,1.088762879371643,0.9028135538101196
41,0.929366511106491,0.8318876028060913,1.11575186252594,0.887085497379303
42,0.9429361522197723,0.8356796443462372,1.0777591466903687,0.8588336706161499
43,0.9411609649658204,0.821910297870636,1.0759787559509277,0.977616012096405
44,0.9431006848812103,0.8342025935649872,1.0368326902389526,0.9152902364730835
45,0.9389472544193268,0.8206567585468292,1.0910519361495972,0.9096014499664307
46,0.9491367161273956,0.8198605000972747,1.043459415435791,0.9361115097999573
47,0.9338156461715699,0.8252916157245636,1.0720361471176147,0.914720892906189
48,0.9319054841995239,0.8112554609775543,1.0804475545883179,0.8928444385528564
49,0.9355264902114868,0.8055289328098297,1.0456327199935913,0.9549733996391296
50,0.9295216917991638,0.8123282134532929,1.06999933719635,0.899085521697998
51,0.9220310866832733,0.806884902715683,1.073771357536316,0.8871367573738098
52,0.9169720411300659,0.8094099879264831,1.101650595664978,0.9800786972045898
53,0.9171355783939361,0.8037294805049896,1.1177209615707397,0.9100245237350464
54,0.9232313752174377,0.8052958250045776,1.1188362836837769,0.9001355171203613
55,0.9173295795917511,0.8046012699604035,1.0994007587432861,0.9662433862686157
56,0.9162217855453492,0.811896675825119,1.1004480123519897,0.9144431948661804
57,0.9127867758274079,0.817868959903717,1.1143730878829956,0.8874342441558838
58,0.9359682738780976,0.7902926564216614,1.0859659910202026,0.9733642935752869
59,0.9289444148540497,0.7852803468704224,1.0778698921203613,0.9081091284751892
60,0.9169768214225769,0.7785263419151306,1.093116283416748,0.9570845365524292
61,0.9142344772815705,0.7913632988929749,1.0820581912994385,0.8998914957046509
62,0.9139720141887665,0.7803017318248748,1.1161606311798096,0.924767792224884
63,0.9191652953624725,0.7910986304283142,1.0538796186447144,0.931134045124054
64,0.9153308570384979,0.781502366065979,1.1051976680755615,0.9267367720603943
65,0.909287053346634,0.7870295286178589,1.0903947353363037,0.9108191728591919
66,0.9108183920383454,0.7784324824810028,1.1221392154693604,0.8835875988006592
67,0.9081705331802368,0.7727401971817016,1.128082036972046,0.9134640693664551
68,0.9003782153129578,0.7621721804141999,1.0972139835357666,0.8918857574462891
69,0.8977641820907593,0.7699687361717225,1.135625958442688,0.9458832144737244
70,0.9000786662101745,0.7643694996833801,1.1156787872314453,0.8977195024490356
71,0.8925840437412262,0.7601541399955749,1.179519534111023,0.9195119738578796
72,0.8911263406276703,0.7570985615253448,1.1257133483886719,0.9103811383247375
73,0.8978543281555176,0.7617487192153931,1.1317850351333618,0.9120869040489197
74,0.8948875427246094,0.7619169354438782,1.1401642560958862,0.9386365413665771
75,0.8941577196121215,0.7609378814697265,1.1282670497894287,0.9671079516410828
76,0.8859739780426026,0.7544366240501403,1.1362884044647217,0.8957331776618958
77,0.8834397554397583,0.7536797821521759,1.1728534698486328,0.9313138127326965
78,0.8852291524410247,0.7546703517436981,1.141578197479248,0.9380140900611877
79,0.8950794279575348,0.7555670261383056,1.091654896736145,0.9452277421951294
80,0.8961925864219665,0.7607019305229187,1.1129224300384521,0.8763554096221924
81,0.8916435182094574,0.7580390632152557,1.1403666734695435,0.9513857364654541
82,0.8851781964302063,0.7458367288112641,1.1620585918426514,0.8819854855537415
83,0.8774514615535736,0.7494696319103241,1.1313894987106323,0.9484648108482361
84,0.8832146763801575,0.7504753351211548,1.1243302822113037,0.8931296467781067
85,0.8740519344806671,0.7432990372180939,1.15473473072052,0.9177494645118713
86,0.8730900585651398,0.7526386022567749,1.1181610822677612,0.8902575373649597
87,0.8693718791007996,0.7345068454742432,1.135414958000183,0.9245144724845886
88,0.8833487749099731,0.7390356719493866,1.1668096780776978,0.9239053130149841
89,0.8831982016563416,0.7523778915405274,1.1053416728973389,0.9283116459846497
90,0.8802928924560547,0.7391404688358307,1.1748301982879639,0.91225266456604
91,0.8699722111225128,0.7344055652618409,1.1416887044906616,0.9067506790161133
92,0.8629812300205231,0.72639319896698,1.1526587009429932,0.919245719909668
93,0.8659573912620544,0.7303088068962097,1.1364679336547852,0.9547522664070129
94,0.8644836127758027,0.7316115856170654,1.1356757879257202,0.8936970233917236
95,0.8606167554855346,0.7310780167579651,1.1718593835830688,0.9726077318191528
96,0.85504070520401,0.7245208859443665,1.1396124362945557,0.8779709935188293
97,0.8606537580490112,0.7165925741195679,1.103689193725586,0.9482757449150085
98,0.8525001347064972,0.7296687304973603,1.1379473209381104,0.9245328903198242
99,0.8508662402629852,0.7152471542358398,1.150708556175232,0.8789556622505188
100,0.8640914142131806,0.7151200175285339,1.1563239097595215,0.9214320182800293
101,0.8493836581707,0.7342560827732086,1.1613677740097046,0.8784219026565552
102,0.8875273287296295,0.7344594478607178,1.0823659896850586,0.8754245638847351
103,0.87558513879776,0.7410848379135132,1.0981826782226562,0.9584541916847229
104,0.8586889982223511,0.7262054741382599,1.1133800745010376,0.9407647252082825
105,0.854621809720993,0.7168830931186676,1.1044641733169556,0.9485783576965332
106,0.8458628237247467,0.7054646909236908,1.0941985845565796,0.936553418636322
107,0.863827931880951,0.7265039443969726,1.118093729019165,0.977118194103241
108,0.859224671125412,0.7183615088462829,1.106799602508545,0.9015561938285828
109,0.8536845564842224,0.7081328630447388,1.094862461090088,0.9471793174743652
110,0.8496098220348358,0.7121336817741394,1.176328182220459,0.9537680745124817
111,0.8421939253807068,0.7159759700298309,1.0656206607818604,0.8924245834350586
112,0.8497400939464569,0.7264845371246338,1.2762413024902344,0.9098057150840759
113,0.8851977467536927,0.7315167188644409,1.1041133403778076,0.9886943101882935
114,0.8634323954582215,0.7115526556968689,1.1111595630645752,0.9303251504898071
115,0.8352627098560333,0.705989933013916,1.1149566173553467,0.9147766828536987
116,0.8234021008014679,0.6972228467464447,1.13179349899292,0.9956047534942627
117,0.8330640435218811,0.7060868680477143,1.0935680866241455,0.95040363073349
118,0.8601034820079804,0.7215520203113556,1.1696432828903198,0.9361492991447449
119,0.8465683341026307,0.7223928332328796,1.1429847478866577,0.9764756560325623
120,0.8348218917846679,0.7084774851799012,1.1157084703445435,0.9288240671157837
121,0.8249295592308045,0.6958360314369202,1.0897917747497559,0.9329739809036255
122,0.8177545547485352,0.6917388737201691,1.108020544052124,0.9072691202163696
123,0.8169098913669586,0.7028072893619537,1.0536528825759888,0.929935097694397
124,0.847113060951233,0.7308444917201996,1.15507173538208,0.9727506637573242
125,0.8253279507160187,0.7207628488540649,1.2067606449127197,0.9090825915336609
126,0.8418326199054718,0.7294578552246094,1.1079134941101074,0.9598042368888855
127,0.8387569606304168,0.7264456152915955,1.212082862854004,0.8803616762161255
128,0.8776616394519806,0.7448628842830658,1.0554296970367432,1.0083913803100586
129,0.8655881762504578,0.7278632879257202,1.079114556312561,0.9982547163963318
130,0.856332141160965,0.718387895822525,1.0935752391815186,0.9162347912788391
131,0.831005972623825,0.7180728197097779,1.2696279287338257,0.977530837059021
132,0.8647841095924378,0.7255881547927856,1.115639567375183,0.8879380822181702
133,0.840080863237381,0.7124010384082794,1.1882737874984741,0.9318691492080688
134,0.8272905230522156,0.7141639351844787,1.1696120500564575,0.947823703289032
135,0.8192442297935486,0.7015138566493988,1.1064196825027466,0.9167388081550598
136,0.8010992765426636,0.6946701169013977,1.1564195156097412,0.9319187998771667
137,0.8035737454891205,0.6789218962192536,1.1257288455963135,0.9529163241386414
138,0.8028473854064941,0.6821744799613952,1.1654627323150635,0.8878501057624817
139,0.7881664991378784,0.6758191406726837,1.1181640625,0.9387181997299194
140,0.8010626316070557,0.6728139877319336,1.196301817893982,0.931852400302887
141,0.7945188343524933,0.694897609949112,1.2331922054290771,0.9208235144615173
142,0.7940273404121398,0.6729386210441589,1.1855417490005493,0.9368378520011902
143,0.789123672246933,0.6687374949455261,1.1317259073257446,0.9598251581192017
144,0.7860979080200196,0.6694132566452027,1.1991394758224487,0.9588520526885986
145,0.7773075819015502,0.6705197095870972,1.1164649724960327,0.9579324126243591
146,0.7907076239585876,0.67319056391716,1.1885097026824951,0.9136344194412231
147,0.7970854043960571,0.6773764371871949,1.1751177310943604,0.9269053936004639
148,0.7955912351608276,0.685678243637085,1.1727441549301147,0.9330847859382629
149,0.7965463995933533,0.6671778082847595,1.1282166242599487,1.0038069486618042
150,0.7861301839351654,0.6673904478549957,1.1659703254699707,0.9510877728462219
151,0.7755974292755127,0.6634166479110718,1.1175199747085571,0.9977447986602783
152,0.772184407711029,0.668202954530716,1.0887773036956787,0.9722970724105835
153,0.7653534770011902,0.6606486797332763,1.1721652746200562,0.9226999878883362
154,0.7621019721031189,0.6568216919898987,1.138145923614502,0.9592785835266113
155,0.7616629421710968,0.6522889852523803,1.1244679689407349,0.938826858997345
156,0.7654575347900391,0.6560383856296539,1.186700701713562,0.9369684457778931
157,0.7754773378372193,0.6433128952980042,1.1223154067993164,1.0063683986663818
158,0.7563414335250854,0.6435307264328003,1.1419867277145386,0.9784637689590454
159,0.7508187651634216,0.6545278668403626,1.1239999532699585,0.9843997359275818
160,0.760248452425003,0.647969001531601,1.125590205192566,0.9764895439147949
161,0.7503636240959167,0.6411451280117035,1.13972008228302,0.9838961362838745
162,0.7585273325443268,0.6491053760051727,1.1663610935211182,0.9661605358123779
163,0.7653408646583557,0.6600553154945373,1.1006606817245483,0.9506257176399231
164,0.7583032250404358,0.6572995007038116,1.1645629405975342,0.9534772634506226
165,0.7769631445407867,0.6605242192745209,1.1414639949798584,0.9314454197883606
166,0.7688467741012573,0.6572331964969635,1.2414602041244507,0.9204044938087463
167,0.7594799816608429,0.6502461194992065,1.1251434087753296,0.9693419933319092
168,0.753355759382248,0.6417950749397278,1.1849923133850098,0.9460505247116089
169,0.7756556749343873,0.6456542849540711,1.1519194841384888,0.9355879426002502
170,0.7605222344398499,0.6466075539588928,1.1856979131698608,0.9478723406791687
171,0.7449581444263458,0.6474024474620819,1.1429195404052734,0.985553503036499
172,0.7384527087211609,0.6430726647377014,1.1796389818191528,0.9370518326759338
173,0.7458839297294617,0.645098266005516,1.0806142091751099,0.9760790467262268
174,0.7502172529697418,0.6452697575092315,1.200208306312561,0.9286034107208252
175,0.7538162469863892,0.6400748908519744,1.1967228651046753,0.9607946872711182
176,0.7365393757820129,0.6299385458230973,1.1488717794418335,0.9343594908714294
177,0.7351303577423096,0.6247242718935013,1.1563175916671753,0.9722795486450195
178,0.7437916159629822,0.6302649080753326,1.1556352376937866,0.9445576667785645
179,0.7471432149410248,0.6356507033109665,1.1357513666152954,0.9422200918197632
180,0.7339778900146484,0.6289762735366822,1.1681504249572754,0.9272258281707764
181,0.7397936165332795,0.6323985695838928,1.1611043214797974,0.9237582087516785
182,0.7471628069877625,0.6246068120002747,1.180275321006775,0.9744439721107483
183,0.732872474193573,0.6267425000667572,1.1845840215682983,0.967398464679718
184,0.7268696129322052,0.6226568102836609,1.1495380401611328,0.9272004961967468
185,0.7399844169616699,0.6187787234783173,1.11106276512146,1.0014827251434326
186,0.746576976776123,0.6211398810148239,1.2012015581130981,0.9606065154075623
187,0.7502223074436187,0.6361753851175308,1.1438109874725342,0.9670764803886414
188,0.7377905786037445,0.6301880657672883,1.1831611394882202,0.9219658970832825
189,0.7359624326229095,0.6261849403381348,1.1979515552520752,0.9471503496170044
190,0.7297255039215088,0.6304823756217957,1.1567250490188599,0.9814801216125488
191,0.7229017019271851,0.6208491683006286,1.1844751834869385,0.936320960521698
192,0.7219942927360534,0.6173946112394333,1.1524500846862793,0.9640491008758545
193,0.7158448159694671,0.6077823132276535,1.1190662384033203,0.9578481912612915
194,0.7332109153270722,0.6362628221511841,1.1708115339279175,0.9576927423477173
195,0.7396276891231537,0.6285750776529312,1.1405407190322876,0.947560727596283
196,0.7324794352054596,0.618687778711319,1.1882145404815674,0.9758994579315186
197,0.7326235294342041,0.6414631068706512,1.1698781251907349,0.947143018245697
198,0.729066115617752,0.6240808606147766,1.2485170364379883,0.9396600723266602
199,0.7339699685573577,0.625282222032547,1.2034367322921753,0.9697906374931335
200,0.7349290966987609,0.6244093030691147,1.1392083168029785,0.9665990471839905
201,0.721780264377594,0.6172261983156204,1.1676443815231323,0.9493436217308044
202,0.728361576795578,0.6097081273794174,1.1772195100784302,0.9875351190567017
203,0.7194758057594299,0.6050385385751724,1.177402377128601,0.9360069036483765
204,0.7253802359104157,0.6187978684902191,1.228087306022644,0.9356302618980408
205,0.7465208351612092,0.6453680723905564,1.2127853631973267,0.9689498543739319
206,0.7476720452308655,0.6381111800670624,1.1582180261611938,0.9388519525527954
207,0.7501819133758545,0.6230081975460052,1.133833408355713,0.960031270980835
208,0.7263078331947327,0.6151632696390152,1.2389845848083496,0.9486084580421448
209,0.7167444467544556,0.6081890106201172,1.2037818431854248,0.9244231581687927
210,0.7208797574043274,0.6070922404527664,1.1992006301879883,0.97661954164505
211,0.7343618154525757,0.6037036180496216,1.2225629091262817,0.9354694485664368
212,0.7209375143051148,0.6036431610584259,1.118417501449585,0.9523074626922607
213,0.7212367296218872,0.5978177458047866,1.1450297832489014,0.9896608591079712
214,0.7153529405593873,0.603555092215538,1.1404436826705933,0.9554508924484253
215,0.7154466569423675,0.6185239374637603,1.154701828956604,0.9605938196182251
216,0.713451761007309,0.6346111744642258,1.1636886596679688,0.9428930878639221
217,0.7104676604270935,0.6527201652526855,1.0844838619232178,1.055251121520996
218,0.7217908561229706,0.6230518043041229,1.1731640100479126,0.9273194074630737
219,0.7142765283584595,0.6122235715389251,1.2245023250579834,0.9802104234695435
220,0.7150150775909424,0.5995091319084167,1.136873722076416,0.9960919618606567
221,0.7079026520252227,0.5937522530555726,1.0814781188964844,1.0600162744522095
222,0.7118064820766449,0.5920193731784821,1.1671760082244873,0.9902870655059814
223,0.7012633681297302,0.5936005920171737,1.1532334089279175,0.9803109169006348
224,0.6998223245143891,0.5960067182779312,1.1817667484283447,0.9640845656394958
225,0.6927650153636933,0.5878340899944305,1.1551058292388916,0.9680565595626831
226,0.6898789644241333,0.5824198991060257,1.1445770263671875,0.9976001977920532
227,0.6859148740768433,0.5799252241849899,1.1724947690963745,0.9593064188957214
228,0.6885891199111939,0.5754286080598832,1.1623709201812744,0.9813215732574463
229,0.6855395436286926,0.5769625157117844,1.1513606309890747,0.9617270231246948
230,0.6920631289482116,0.5750361412763596,1.1619970798492432,1.041831135749817
231,0.6950571238994598,0.5736412227153778,1.1350897550582886,0.9893802404403687
232,0.6845329284667969,0.5765883266925812,1.128202199935913,1.0254783630371094
233,0.691850233078003,0.5789617538452149,1.1577696800231934,1.0178643465042114
234,0.6906099200248719,0.5812433123588562,1.2462122440338135,0.9753953814506531
235,0.6956955194473267,0.5847400903701783,1.2003928422927856,0.9497729539871216
236,0.68762708902359,0.5731010854244232,1.143821358680725,1.0269505977630615
237,0.6896779537200928,0.572449341416359,1.2866495847702026,0.9517885446548462
238,0.6905141711235047,0.5792494356632233,1.191239356994629,0.9779621362686157
239,0.6857630372047424,0.571735891699791,1.1635066270828247,0.968731701374054
240,0.6788826227188111,0.5669571101665497,1.1860957145690918,0.9575607180595398
241,0.6865069687366485,0.5696083754301071,1.154266595840454,1.0089601278305054
242,0.6888309478759765,0.5690120995044708,1.1531072854995728,0.9968255162239075
243,0.6879814922809601,0.5670673280954361,1.1639989614486694,1.008126139640808
244,0.6862722873687744,0.5704354017972946,1.1694179773330688,1.0407764911651611
245,0.6790838539600372,0.5671057552099228,1.155919075012207,1.028227686882019
246,0.6769956767559051,0.5620877325534821,1.1814359426498413,1.0056321620941162
247,0.6772409439086914,0.5622642517089844,1.1744961738586426,0.9625621438026428
248,0.6883360207080841,0.57072674036026,1.1541670560836792,1.0071289539337158
249,0.6959106206893921,0.5933516919612885,1.1710954904556274,1.0026955604553223
250,0.7302090525627136,0.6284151971340179,1.1422697305679321,0.9634385108947754
251,0.7423030376434326,0.6298074752092362,1.17853581905365,1.0568281412124634
252,0.7366649508476257,0.6158589839935302,1.1880128383636475,0.9348976612091064
253,0.7289346814155578,0.5993769973516464,1.1708651781082153,0.9484059810638428
254,0.7308492362499237,0.5970828711986542,1.2106404304504395,0.9712806344032288
255,0.7160289406776428,0.5924276441335679,1.2699347734451294,0.9693678617477417
256,0.7103641510009766,0.5898299485445022,1.2000328302383423,1.047136902809143
257,0.6989418089389801,0.5850015759468079,1.2221440076828003,0.9998934864997864
258,0.7069730579853057,0.5731798827648162,1.236284852027893,1.012430191040039
259,0.7032947540283203,0.5686446338891983,1.2440093755722046,1.0062230825424194
260,0.7010711848735809,0.5739860206842422,1.1943857669830322,0.9814893007278442
261,0.6875260949134827,0.5748566389083862,1.228179931640625,0.9823932647705078
262,0.6818081378936768,0.5733119547367096,1.2009378671646118,0.9993686079978943
263,0.6794695794582367,0.5610688120126724,1.2027461528778076,0.9912198781967163
264,0.6812390625476837,0.5656829923391342,1.2001326084136963,0.9891377091407776
265,0.6772582948207855,0.5575862437486648,1.1995195150375366,0.9872984886169434
266,0.6744035959243775,0.5544028878211975,1.2522228956222534,1.0225251913070679
267,0.6763830244541168,0.5544776409864426,1.2013778686523438,0.9869434237480164
268,0.678929203748703,0.5536226034164429,1.2377231121063232,1.0083844661712646
269,0.6740756809711457,0.5651763707399369,1.154394507408142,0.9632315039634705
270,0.678502768278122,0.5616320490837097,1.1979161500930786,0.9894387125968933
271,0.6857209086418152,0.5603921949863434,1.16466224193573,1.0670523643493652
272,0.6885127604007721,0.5613876521587372,1.1199263334274292,1.0129730701446533
273,0.6829354286193847,0.558080592751503,1.2045403718948364,0.9655980467796326
274,0.6745104789733887,0.5550772786140442,1.183341145515442,0.9740211367607117
275,0.6750918805599213,0.5647290050983429,1.1810636520385742,1.0370941162109375
276,0.6757454395294189,0.5706204980611801,1.2592023611068726,0.9317507147789001
277,0.6706920027732849,0.5636130899190903,1.2500247955322266,1.021561861038208
278,0.6692875564098358,0.5600044310092926,1.1866813898086548,0.9596638083457947
279,0.6646422505378723,0.5487765073776245,1.191217064857483,1.0128724575042725
280,0.6627356827259063,0.539310884475708,1.1817996501922607,0.9895806312561035
281,0.6590688645839691,0.5351745277643204,1.164581060409546,1.001213550567627
282,0.6571192562580108,0.5326484143733978,1.2192093133926392,0.9886886477470398
283,0.6578121602535247,0.5383192777633667,1.165340542793274,1.0359973907470703
284,0.6610112309455871,0.5415157973766327,1.2419084310531616,0.9966257810592651
285,0.6707630693912506,0.5576192200183868,1.2192201614379883,0.9889865517616272
286,0.6757438361644745,0.5567693680524826,1.2035424709320068,0.9787353873252869
287,0.6770067572593689,0.5577199667692184,1.20865797996521,0.9706989526748657
288,0.6966687500476837,0.5559829145669937,1.1164612770080566,1.0377471446990967
289,0.6980441331863403,0.5608226239681244,1.168310523033142,0.9801617860794067
290,0.7045632123947143,0.5629422813653946,1.2801905870437622,0.9994579553604126
291,0.7167975783348084,0.5731735736131668,1.1336380243301392,1.0173282623291016
292,0.7340003728866578,0.581132897734642,1.1626874208450317,0.9558628797531128
293,0.7219668447971344,0.5903330713510513,1.1727650165557861,0.9383471012115479
294,0.7074408113956452,0.5976634502410889,1.07192063331604,1.0621002912521362
295,0.7106482028961182,0.5898038238286972,1.2646533250808716,0.972204327583313
296,0.7022597074508667,0.5906693369150162,1.131729245185852,0.987205445766449
297,0.6989229679107666,0.5725387096405029,1.1886003017425537,1.0269808769226074
298,0.6919623613357544,0.5607745230197907,1.2131016254425049,0.955885112285614
299,0.687602561712265,0.5592055916786194,1.225978136062622,1.0042556524276733
300,0.682139104604721,0.5537129491567612,1.2801724672317505,0.9938941597938538
301,0.6734888136386872,0.5460423469543457,1.175748586654663,1.0117590427398682
302,0.6692356646060944,0.5421075373888016,1.2123943567276,1.0232833623886108
303,0.6666320443153382,0.5415795594453812,1.2695385217666626,0.9748137593269348
304,0.666805750131607,0.5409680664539337,1.193189024925232,1.021536111831665
305,0.6591614484786987,0.5330817461013794,1.1815593242645264,1.0040301084518433
306,0.6555156767368316,0.5283901900053024,1.1848881244659424,1.0049713850021362
307,0.6533266782760621,0.5260961025953292,1.1462970972061157,1.0129414796829224
308,0.6582693934440613,0.5427681803703308,1.1698389053344727,1.002768874168396
309,0.6691059768199921,0.5524130374193191,1.155057668685913,1.0030068159103394
310,0.669699740409851,0.5508679777383805,1.1496808528900146,1.029607892036438
311,0.6672960221767426,0.5415445655584336,1.1719168424606323,0.9883698225021362
312,0.6629385828971863,0.5420311868190766,1.153927206993103,1.0215460062026978
313,0.6613776385784149,0.5363754510879517,1.180792212486267,1.036916732788086
314,0.6588074803352356,0.530583667755127,1.181706190109253,0.9687552452087402
315,0.6555661916732788,0.5307639747858047,1.2033942937850952,1.0138497352600098
316,0.6525286138057709,0.5311246424913406,1.1598881483078003,0.9931235909461975
317,0.6531847655773163,0.5298761874437332,1.2709288597106934,0.9894970655441284
318,0.6591422498226166,0.5399576455354691,1.1989778280258179,1.017138123512268
319,0.6576719999313354,0.5342860788106918,1.1734888553619385,0.9877535104751587
320,0.6588186740875244,0.534859049320221,1.1670546531677246,0.9745311737060547
321,0.6670310139656067,0.5379003614187241,1.218688726425171,1.040930151939392
322,0.6865103721618653,0.5408469170331955,1.2184065580368042,1.0047016143798828
323,0.6886347472667694,0.5609719663858413,1.1518306732177734,0.9705280661582947
324,0.7088058769702912,0.5836012750864029,1.1334151029586792,1.0009299516677856
325,0.7042100131511688,0.5811404705047607,1.2064149379730225,1.0020673274993896
326,0.691320824623108,0.5636819779872895,1.0873034000396729,1.0248103141784668
327,0.6844819128513336,0.553369802236557,1.2099406719207764,1.031624436378479
328,0.6813959836959839,0.5466093719005585,1.221898078918457,1.0150468349456787
329,0.6702250838279724,0.5399407684803009,1.1785157918930054,0.9333648085594177
330,0.6680552124977112,0.5336842089891434,1.1552109718322754,1.0082149505615234
331,0.6700835466384888,0.5337338894605637,1.1874663829803467,0.9223334193229675
332,0.6861938893795013,0.5477736473083497,1.1496928930282593,0.9747788906097412
333,0.7296960115432739,0.5913351684808731,1.1524332761764526,0.9585139751434326
334,0.7295191645622253,0.5969215512275696,1.1851342916488647,0.9980341196060181
335,0.7138629376888275,0.5997310966253281,1.4013583660125732,0.9702683091163635
336,0.7131995141506196,0.587406513094902,1.1581746339797974,0.9894379377365112
337,0.7131997883319855,0.5867460250854493,1.179269552230835,0.9517755508422852
338,0.7117085814476013,0.5839687258005142,1.1916872262954712,0.9223197102546692
339,0.7160609066486359,0.593024218082428,1.2213635444641113,0.981179416179657
340,0.7342511594295502,0.5866416543722153,1.1906105279922485,0.9245067238807678
341,0.736787086725235,0.588978984951973,1.2216272354125977,0.9647055268287659
342,0.7202850162982941,0.5805712848901748,1.2224847078323364,0.9478030204772949
343,0.7039929270744324,0.5821727037429809,1.2500948905944824,0.9666428565979004
344,0.7043590843677521,0.5722175598144531,1.2368415594100952,0.9019381999969482
345,0.6855613231658936,0.5523344457149506,1.2555437088012695,0.9641751050949097
346,0.6750712275505066,0.5418814808130265,1.1990538835525513,1.0124431848526
347,0.6704220116138458,0.535502028465271,1.2355042695999146,0.9559201002120972
348,0.6657996237277984,0.5292962938547134,1.2171142101287842,0.9704093933105469
349,0.6611408293247223,0.5264233469963073,1.2038100957870483,0.9587263464927673
350,0.6579358577728271,0.5242191821336746,1.2484853267669678,0.9572196006774902
351,0.6513615548610687,0.5189729124307633,1.2225720882415771,0.9688759446144104
352,0.650001448392868,0.5175893127918243,1.2418932914733887,0.9565353989601135
353,0.6497206509113311,0.5172735959291458,1.2145103216171265,0.976775050163269
354,0.6507954657077789,0.5148516237735749,1.1684577465057373,0.9717822074890137
355,0.6488535404205322,0.5155047863721848,1.1815241575241089,0.9591098427772522
356,0.6483933389186859,0.5170034468173981,1.1836782693862915,0.9673238396644592
357,0.6484002709388733,0.5196286886930466,1.2009636163711548,1.0000492334365845
358,0.6515745162963867,0.529412779211998,1.2453711032867432,0.9909309148788452
359,0.6556550085544586,0.541142588853836,1.1749886274337769,0.9629225134849548
360,0.6605103015899658,0.547883129119873,1.216503620147705,0.9892251491546631
361,0.6668086349964142,0.540553730726242,1.2477402687072754,1.0014082193374634
362,0.6752055644989013,0.5489518761634826,1.222208023071289,0.9717894196510315
363,0.6797562658786773,0.5499265432357788,1.2115132808685303,0.9636154770851135
364,0.6731310665607453,0.534538745880127,1.2167588472366333,0.9722142815589905
365,0.6636494517326355,0.5274559617042541,1.1959949731826782,0.9638735055923462
366,0.6608360171318054,0.5216974467039108,1.178891658782959,0.9721726179122925
367,0.6574248671531677,0.5220175743103027,1.2444651126861572,0.9573262333869934
368,0.6545530378818512,0.5191777497529984,1.181391716003418,0.9736659526824951
369,0.6490394771099091,0.5148537218570709,1.1469433307647705,1.0036258697509766
370,0.6465214371681214,0.5109734237194061,1.1892799139022827,0.9568346738815308
371,0.6445990145206452,0.5082706302404404,1.167811393737793,0.986395001411438
372,0.6434721291065216,0.508515727519989,1.1571440696716309,0.9658269286155701
373,0.6417807877063751,0.5078079789876938,1.202689528465271,0.9748860597610474
374,0.6404346048831939,0.5067217767238616,1.1754958629608154,0.9821611642837524
375,0.6410610556602478,0.5132518619298935,1.233589768409729,0.9442411065101624
376,0.6465771436691284,0.5238828718662262,1.2051324844360352,0.9705511331558228
377,0.6544065117835999,0.5461806237697602,1.2453209161758423,0.9719132781028748
378,0.6632209300994873,0.547102901339531,1.1816617250442505,0.9849006533622742
379,0.6849391520023346,0.5562345623970032,1.2354238033294678,1.0048866271972656
380,0.6736655592918396,0.5419108808040619,1.1407150030136108,0.955937385559082
381,0.6665034353733063,0.5338881999254227,1.20847487449646,0.9751811623573303
382,0.667383736371994,0.5273746609687805,1.1725503206253052,1.049269437789917
383,0.662534749507904,0.5223342925310135,1.142813801765442,0.9666764140129089
384,0.6641899764537811,0.5178056299686432,1.157399296760559,0.9892081618309021
385,0.6528064787387848,0.5159669011831284,1.1530605554580688,0.9662206768989563
386,0.6451225340366363,0.509479570388794,1.151991605758667,0.9948064088821411
387,0.6442832291126251,0.5106821060180664,1.1591700315475464,0.9771440625190735
388,0.6393666386604309,0.505849939584732,1.1670464277267456,0.9937878251075745
389,0.6378436326980591,0.5035340428352356,1.1418428421020508,0.9849243760108948
390,0.639692097902298,0.5015882670879364,1.1905359029769897,0.9699579477310181
391,0.639312607049942,0.5032303392887115,1.1445517539978027,1.029069185256958
392,0.6364649116992951,0.5079006135463715,1.1615136861801147,1.0182112455368042
393,0.6404463231563569,0.5163891941308976,1.1679469347000122,0.9453458786010742
394,0.6410533964633942,0.5116382658481597,1.1714946031570435,0.9578651189804077
395,0.6404815256595612,0.5105681180953979,1.1873657703399658,1.0222481489181519
396,0.641043221950531,0.5093245327472686,1.2180759906768799,0.9732018113136292
397,0.637744814157486,0.5079540610313416,1.166401743888855,1.0008283853530884
398,0.6370477318763733,0.5058938950300217,1.225521445274353,0.9532347917556763
399,0.6370446443557739,0.5048611879348754,1.1808518171310425,0.998397946357727
400,0.6365237057209014,0.5028357923030853,1.1931660175323486,0.9702864289283752
401,0.6359732389450073,0.5004569709300994,1.1880093812942505,0.976845383644104
402,0.6347489297389984,0.49941928386688234,1.2258644104003906,0.9968200325965881
403,0.6355800926685333,0.5013734191656113,1.1585310697555542,0.9867118000984192
404,0.6360457539558411,0.5043782413005828,1.1627905368804932,0.9951079487800598
405,0.6385652184486389,0.519594720005989,1.1781466007232666,1.0259672403335571
406,0.6469887793064117,0.5383809804916382,1.216956615447998,0.9561958312988281
407,0.6527325272560119,0.5383611530065536,1.1960479021072388,1.0327917337417603
408,0.6550449848175048,0.5258637368679047,1.1926413774490356,0.9771016836166382
409,0.6582833826541901,0.5232010513544083,1.3574495315551758,0.9738614559173584
410,0.6712208032608032,0.5301511794328689,1.182346224784851,1.0021402835845947
411,0.66885347366333,0.5353278309106827,1.2145689725875854,0.9789687395095825
412,0.6630922436714173,0.5341520279645919,1.1623097658157349,0.9863759875297546
413,0.6588104844093323,0.5354388564825058,1.1781938076019287,0.9852078557014465
414,0.6569988965988159,0.5311769753694534,1.1727551221847534,0.9858353734016418
415,0.6572137236595154,0.5396732538938522,1.2414041757583618,0.9839620590209961
416,0.6558092594146728,0.5322791188955307,1.1368542909622192,1.0398434400558472
417,0.6491933465003967,0.5184514164924622,1.180966854095459,1.0337283611297607
418,0.6451480746269226,0.5187111556529999,1.1418529748916626,1.01442551612854
419,0.6417783379554749,0.5116105049848556,1.2000644207000732,0.9523441791534424
420,0.6408736765384674,0.5092747062444687,1.1611292362213135,1.0373599529266357
421,0.6400115251541137,0.5112485885620117,1.1782042980194092,1.0450975894927979
422,0.6433494746685028,0.5088931113481522,1.1624243259429932,1.019347906112671
423,0.6381386339664459,0.5064472109079361,1.1921132802963257,0.982424795627594
424,0.6332662403583527,0.5000224113464355,1.1661577224731445,0.9805088639259338
425,0.6307289183139801,0.49958857595920564,1.2118042707443237,0.9820091128349304
426,0.6352520167827607,0.5033142864704132,1.1977157592773438,0.9996483325958252
427,0.633943247795105,0.5064155012369156,1.1992193460464478,0.9801870584487915
428,0.6386735618114472,0.5077130973339081,1.2196168899536133,0.9886943697929382
429,0.6445077419281006,0.5089937567710876,1.1645152568817139,1.0178738832473755
430,0.6428846299648285,0.5095280945301056,1.1923720836639404,0.9914289116859436
431,0.638854718208313,0.5043144583702087,1.2571877241134644,1.0302133560180664
432,0.637563967704773,0.5040049374103546,1.1871918439865112,1.0169330835342407
433,0.6341543555259704,0.4994749516248703,1.1763560771942139,0.9934636354446411
434,0.635894513130188,0.4995104819536209,1.2048152685165405,1.0204145908355713
435,0.6333092987537384,0.49876329898834226,1.159562349319458,1.0020413398742676
436,0.6300931990146637,0.49665661454200744,1.2031840085983276,0.989223837852478
437,0.6274001777172089,0.49397537410259246,1.2350552082061768,0.9746609926223755
438,0.6273153901100159,0.4931680977344513,1.2092071771621704,0.9955913424491882
439,0.6273599624633789,0.49005034267902375,1.174641489982605,1.0038189888000488
440,0.6284033775329589,0.49068824350833895,1.2287240028381348,0.9806596040725708
441,0.6268961250782012,0.49039486348628997,1.2850618362426758,0.9863304495811462
442,0.6309275686740875,0.49075327813625336,1.2163158655166626,1.0031052827835083
443,0.6274035096168518,0.49032257199287416,1.2052196264266968,0.9963914752006531
444,0.6316076159477234,0.4937558680772781,1.2160078287124634,1.0239288806915283
445,0.6413961112499237,0.5040180444717407,1.2933517694473267,0.9743903279304504
446,0.658106654882431,0.5173173934221268,1.1568135023117065,0.9818785190582275
447,0.660610419511795,0.5216437578201294,1.3299297094345093,0.9583938121795654
448,0.6673174023628234,0.5349430769681931,1.2430543899536133,0.9668121337890625
449,0.6635021090507507,0.5406003266572952,1.2256574630737305,0.9811835885047913
450,0.6584025263786316,0.5345333546400071,1.1688865423202515,1.0791141986846924
451,0.6610815644264221,0.5327249437570571,1.2005220651626587,0.9684461951255798
452,0.6544232547283173,0.5219717592000961,1.1573970317840576,0.9986950755119324
453,0.6505401253700256,0.5166429609060288,1.1905078887939453,0.9736080765724182
454,0.6470828890800476,0.5086396545171737,1.1987398862838745,1.0311070680618286
455,0.6432778775691986,0.5031055003404618,1.2498201131820679,0.9981639981269836
456,0.6468710839748383,0.502551931142807,1.250662088394165,0.9927442669868469
457,0.6432614505290986,0.5032268345355988,1.1836597919464111,0.9891186356544495
458,0.6389566957950592,0.5001177757978439,1.232947826385498,1.0181705951690674
459,0.6374243497848511,0.497002637386322,1.181846261024475,1.0006442070007324
460,0.6468629777431488,0.5018118768930435,1.1258450746536255,0.9936389327049255
461,0.6686227440834045,0.5162658244371414,1.171329140663147,1.038560152053833
462,0.6865728914737701,0.537956589460373,1.3969980478286743,0.9656617045402527
463,0.6956292986869812,0.5519985407590866,1.2023226022720337,0.9543668627738953
464,0.7146244704723358,0.579823049902916,1.220409631729126,0.9538920521736145
465,0.7036668300628662,0.5918438881635666,1.1995397806167603,1.0070488452911377
466,0.7163317680358887,0.586389371752739,1.2634637355804443,1.0311170816421509
467,0.702633798122406,0.5838444620370865,1.1855844259262085,0.9675793647766113
468,0.683012968301773,0.5568994879722595,1.1473501920700073,1.018459677696228
469,0.6749652266502381,0.5466270208358764,1.274050235748291,0.9913592338562012
470,0.6687613129615784,0.5380051881074905,1.2234327793121338,1.0093612670898438
471,0.6600038886070252,0.527362984418869,1.245916485786438,0.9090489745140076
