design,vn_id,mean_feature_0,mean_feature_1,mean_feature_2,mean_feature_3,mean_feature_4,max_feature_0,max_feature_1,max_feature_2,max_feature_3,max_feature_4
9,0,221.0,0.0011280074249953032,0.0,2.5714285373687744,3.2857143878936768,374.0,0.0026986505836248398,0.0,6.0,4.0
9,1,218.26515197753906,0.0010834247805178165,6.0329028201522306e-05,2.9809961318969727,3.8633673191070557,27620.0,0.22678661346435547,0.541945219039917,6.0,1154.0
9,2,263.76922607421875,0.0002844731498043984,0.0,4.153846263885498,2.615384578704834,354.0,0.0007996002095751464,0.0,6.0,4.0
9,3,208.17283630371094,0.0007725076284259558,1.8796237782225944e-05,2.985480785369873,3.7305076122283936,27616.0,0.028885556384921074,0.18093594908714294,6.0,145.0
9,4,207.47958374023438,0.0008151013753376901,4.612355041899718e-06,2.9936399459838867,3.9048454761505127,27399.0,0.03828085958957672,0.22521744668483734,6.0,262.0
9,5,185.38656616210938,0.00092617969494313,9.465898642702086e-07,3.003023147583008,3.7227158546447754,27627.0,0.009095452725887299,0.01171734556555748,6.0,7.0
9,6,181.8455047607422,0.0010116785997524858,2.706334498725482e-07,2.9801366329193115,4.2383131980896,27545.0,0.009095452725887299,0.01171734556555748,6.0,7.0
9,7,228.92576599121094,0.0010049775009974837,1.7016727724694647e-05,3.005052089691162,3.985193967819214,27430.0,0.050274863839149475,0.5978721976280212,6.0,1265.0
9,8,353.75,0.00024987506913021207,0.0,4.5,2.0,355.0,0.0003998001047875732,0.0,6.0,2.0
9,9,257.35382080078125,0.0009196011815220118,8.944538421928883e-06,2.987022876739502,3.5347328186035156,27619.0,0.009095452725887299,0.01171734556555748,6.0,7.0
9,10,250.69029235839844,0.0008967405883595347,7.803976768627763e-05,3.0175013542175293,3.895996332168579,27609.0,0.22678661346435547,0.5978721976280212,6.0,1265.0
9,11,207.91336059570312,0.0009416459943167865,1.3051177347733756e-06,3.0085208415985107,3.7861995697021484,27600.0,0.009095452725887299,0.01171734556555748,6.0,7.0
9,12,377.1529846191406,0.0008276597945950925,4.4241089199204e-05,2.9834299087524414,3.1981496810913086,27631.0,0.009095452725887299,0.01171734556555748,6.0,14.0
9,13,236.0946044921875,0.0008849380537867546,2.7078567654825747e-05,2.990755319595337,3.7166242599487305,27632.0,0.0718640685081482,0.29739055037498474,6.0,612.0
9,14,282.32000732421875,0.0006276861531659961,0.0,2.640000104904175,2.759999990463257,355.0,0.0026986505836248398,0.0,6.0,5.0
9,15,192.89422607421875,0.0005487641901709139,0.0,3.173076868057251,2.951923131942749,374.0,0.0026986505836248398,0.0,6.0,5.0
9,16,1130.0322265625,0.0009898276766762137,0.00037797889672219753,2.451612949371338,2.9677419662475586,27592.0,0.009095452725887299,0.01171734556555748,6.0,5.0
9,17,244.1999969482422,0.0009495251579210162,0.0,3.0,2.9000000953674316,358.0,0.002098950557410717,0.0,6.0,7.0
9,18,211.10699462890625,0.0017781925853341818,3.351404529894353e-06,2.989145517349243,3.7050411701202393,27625.0,0.009095452725887299,0.01171734556555748,6.0,7.0
9,19,255.0,0.0003180227940902114,0.0,4.363636493682861,2.7272727489471436,354.0,0.0007996002095751464,0.0,6.0,5.0
9,20,251.04071044921875,0.0009405233431607485,4.570571763906628e-05,2.9939351081848145,3.8969712257385254,27444.0,0.09265367686748505,0.3167996406555176,6.0,701.0
9,21,326.5,0.00043311677291058004,0.0,3.0,2.8333332538604736,374.0,0.0007996002095751464,0.0,6.0,4.0
9,22,213.17684936523438,0.0007370938546955585,9.419088200957049e-06,3.163987159729004,4.2491960525512695,27589.0,0.009095452725887299,0.01171734556555748,6.0,7.0
9,23,238.42857360839844,0.00037124293157830834,0.0,2.5714285373687744,2.7142856121063232,374.0,0.0007996002095751464,0.0,6.0,4.0
9,24,185.1301727294922,0.0008696831646375358,0.0,3.142011880874634,3.692307710647583,389.0,0.0026986505836248398,0.0,6.0,5.0
9,25,971.4871826171875,0.0011865857522934675,0.00030044474988244474,3.2564103603363037,2.9358973503112793,27570.0,0.009095452725887299,0.01171734556555748,6.0,5.0
9,26,269.6666564941406,0.0007329668733291328,0.0,4.0,3.0,354.0,0.0011994002852588892,0.0,6.0,4.0
9,27,360.6666564941406,0.0003998001047875732,0.0,6.0,2.6666667461395264,374.0,0.0007996002095751464,0.0,6.0,4.0
9,28,187.75,0.0013618191005662084,0.0,4.5,4.0,354.0,0.0026986505836248398,0.0,6.0,5.0
9,29,7149.25,0.002823588438332081,0.00292933639138937,0.0,1.75,27534.0,0.009095452725887299,0.01171734556555748,0.0,3.0
9,30,223.17674255371094,0.0009504552581347525,6.056387519493001e-06,3.013052225112915,3.9434406757354736,27622.0,0.050274863839149475,0.057580333203077316,6.0,120.0
9,31,231.10000610351562,0.0005897051305510104,0.0,1.7999999523162842,3.200000047683716,353.0,0.0026986505836248398,0.0,6.0,4.0
9,32,217.2857208251953,0.000970943016000092,0.0,0.0,3.142857074737549,354.0,0.0026986505836248398,0.0,0.0,4.0
5,0,169.51016235351562,0.0013250575866550207,0.0001652940409258008,2.9910671710968018,3.478745222091675,22780.0,0.22678661346435547,0.5326001048088074,6.0,1381.0
5,1,224.454345703125,0.0007627190789207816,2.648529152793344e-05,3.00185227394104,3.521674871444702,22918.0,0.0718640685081482,0.3323269486427307,6.0,682.0
5,2,214.51014709472656,0.0007420071051456034,4.757023816637229e-06,2.9965527057647705,3.600010633468628,22949.0,0.050274863839149475,0.21199050545692444,6.0,350.0
5,3,199.72286987304688,0.000698856427334249,7.169533546402818e-06,3.0040149688720703,3.4635915756225586,22819.0,0.061869066208601,0.07382646948099136,6.0,95.0
5,4,248.83779907226562,0.0008170873043127358,4.531300874077715e-05,3.0035786628723145,3.441561222076416,22961.0,0.22678661346435547,0.31608080863952637,6.0,646.0
5,5,263.270751953125,0.0008788307895883918,6.774428038625047e-05,3.0293569564819336,3.2533674240112305,22948.0,0.5150424838066101,0.5544533133506775,6.0,635.0
5,6,209.5493927001953,0.0008877462241798639,0.00010534506145631894,2.9910690784454346,3.6583027839660645,22959.0,0.22678661346435547,0.31608080863952637,6.0,1381.0
5,7,211.4910125732422,0.0008508266764692962,0.00015502380847465247,3.0406975746154785,3.440803289413452,22439.0,0.34192904829978943,0.5544533133506775,6.0,646.0
5,8,190.515380859375,0.0008605429320596159,1.0802326869452372e-05,3.008662700653076,3.359893798828125,22602.0,0.04907546192407608,0.16857163608074188,6.0,350.0
5,9,246.2650604248047,0.000754616572521627,4.749139043269679e-05,3.0041518211364746,3.247896432876587,22921.0,0.16881559789180756,0.3773272931575775,6.0,626.0
5,10,188.72361755371094,0.0008458087686449289,1.9887513190042228e-05,2.9957196712493896,3.504878044128418,22853.0,0.05947026610374451,0.2958090603351593,6.0,602.0
5,11,218.6818084716797,0.0009236748446710408,3.276309507782571e-05,3.0170392990112305,3.357499599456787,22939.0,0.22678661346435547,0.24074473977088928,6.0,386.0
5,12,192.99183654785156,0.0009620739729143679,2.6551380869932473e-05,2.963244676589966,3.3589298725128174,22902.0,0.1234382838010788,0.2958090603351593,6.0,602.0
5,13,296.0,0.0008567144395783544,0.0,4.285714149475098,2.4285714626312256,355.0,0.0015992004191502929,0.0,6.0,5.0
5,14,312.6071472167969,0.0008745628292672336,0.0,2.5714285373687744,2.3214285373687744,356.0,0.0023988005705177784,0.0,6.0,5.0
5,15,180.03323364257812,0.001027355552650988,0.0,2.990353584289551,2.9935691356658936,389.0,0.0033983008470386267,0.0,6.0,7.0
5,16,202.4295196533203,0.0009120997274294496,0.0,2.8281939029693604,3.3458149433135986,389.0,0.0023988005705177784,0.0,6.0,7.0
5,17,248.63636779785156,0.0008548838086426258,8.611290832050145e-05,3.2121212482452393,3.0994317531585693,22360.0,0.04907546192407608,0.09093523025512695,6.0,181.0
5,18,197.5810546875,0.0009042908786796033,8.770467502472457e-06,3.0179641246795654,3.6725833415985107,22864.0,0.009095452725887299,0.01171734556555748,6.0,7.0
5,19,170.0035400390625,0.000979069503955543,0.0,3.0212390422821045,3.074336290359497,389.0,0.0023988005705177784,0.0,6.0,7.0
5,20,299.78570556640625,0.0015992001863196492,0.0,1.2857142686843872,2.642857074737549,352.0,0.0015992004191502929,0.0,6.0,5.0
5,21,172.70277404785156,0.001114838756620884,1.515827352704946e-05,3.0789132118225098,3.1484475135803223,22783.0,0.009095452725887299,0.01171734556555748,6.0,7.0
5,22,270.631591796875,0.0008259027381427586,0.0,3.1578948497772217,2.6842105388641357,356.0,0.0018990504322573543,0.0,6.0,5.0
5,23,268.81817626953125,0.0005997000844217837,0.0,3.2727272510528564,2.3636362552642822,355.0,0.0018990504322573543,0.0,6.0,3.0
5,24,286.0,0.0015325670829042792,0.0,4.0,2.5,352.0,0.0015992004191502929,0.0,6.0,5.0
5,25,325.5555419921875,0.00041090563172474504,0.0,2.0,2.3333332538604736,355.0,0.0010994502808898687,0.0,6.0,5.0
5,26,135.4176483154297,0.0010130233131349087,0.0,3.3176469802856445,3.0764706134796143,368.0,0.002098950557410717,0.0,6.0,7.0
5,27,237.46826171875,0.0009055550908669829,0.0,2.8610634803771973,2.974271059036255,389.0,0.0033983008470386267,0.0,6.0,7.0
5,28,269.6511535644531,0.0007321923621930182,0.0,3.34883713722229,2.65116286277771,389.0,0.0023988005705177784,0.0,6.0,5.0
5,29,353.0,0.0004664334701374173,0.0,0.0,2.0,355.0,0.0007996002095751464,0.0,0.0,2.0
5,30,144.5833282470703,0.0010300404392182827,0.0,3.0,2.972222328186035,389.0,0.0018990504322573543,0.0,6.0,6.0
5,31,218.3000030517578,0.00047976005589589477,0.0,1.2000000476837158,3.200000047683716,353.0,0.0018990504322573543,0.0,6.0,5.0
5,32,248.5,0.000663953716866672,0.0,2.5714285373687744,2.5714285373687744,355.0,0.0018990504322573543,0.0,6.0,5.0
5,33,286.5333251953125,0.0006263534305617213,0.0,0.800000011920929,2.4000000953674316,355.0,0.0018990504322573543,0.0,6.0,5.0
5,34,316.6428527832031,0.0004711929359473288,0.0,3.0,2.4285714626312256,355.0,0.0010994502808898687,0.0,6.0,5.0
5,35,219.46665954589844,0.0007996001513674855,0.0,3.200000047683716,2.5333333015441895,355.0,0.0018990504322573543,0.0,6.0,4.0
5,36,128.1270294189453,0.0011165401665493846,0.0,2.8827362060546875,3.030944585800171,389.0,0.0023988005705177784,0.0,6.0,7.0
5,37,223.51852416992188,0.0015325668500736356,0.0,3.1111111640930176,2.7037036418914795,353.0,0.0018990504322573543,0.0,6.0,5.0
5,38,265.9047546386719,0.0014548280742019415,0.0,2.952380895614624,2.6190476417541504,354.0,0.0018990504322573543,0.0,6.0,5.0
5,39,217.39393615722656,0.001293292618356645,0.0,2.909090995788574,2.60606050491333,355.0,0.0023988005705177784,0.0,6.0,5.0
5,40,271.9230651855469,0.0006227655103430152,0.0,1.8461538553237915,2.461538553237915,355.0,0.0023988005705177784,0.0,6.0,4.0
5,41,127.01087188720703,0.0011023484403267503,0.0,2.9782607555389404,3.096376895904541,389.0,0.0023988005705177784,0.0,6.0,7.0
5,42,104.3548355102539,0.0011800550855696201,0.0,3.4838709831237793,2.935483932495117,355.0,0.0023988005705177784,0.0,6.0,5.0
5,43,293.8571472167969,0.0006425358005799353,0.0,2.5714285373687744,2.142857074737549,355.0,0.0018990504322573543,0.0,6.0,3.0
5,44,283.5625,0.0005872063338756561,0.0,3.0,2.5,355.0,0.0018990504322573543,0.0,6.0,5.0
5,45,308.9322509765625,0.0008843253017403185,0.00012964515190105885,3.0194365978240967,3.281205415725708,22683.0,0.0718640685081482,0.46819064021110535,6.0,977.0
5,46,185.64151000976562,0.0014125006273388863,0.0,2.9433963298797607,2.792452812194824,355.0,0.0023988005705177784,0.0,6.0,5.0
5,47,253.72222900390625,0.0010883446084335446,0.0,2.6666667461395264,2.3888888359069824,355.0,0.0023988005705177784,0.0,6.0,5.0
5,48,318.4705810546875,0.0004174382775090635,0.0,3.529411792755127,2.411764621734619,360.0,0.0018990504322573543,0.0,6.0,5.0
5,49,233.07691955566406,0.0009328671148978174,0.0,2.923076868057251,2.846153736114502,358.0,0.0023988005705177784,0.0,6.0,5.0
5,50,316.20001220703125,0.0007263034349307418,0.0,2.799999952316284,2.066666603088379,355.0,0.0023988005705177784,0.0,6.0,3.0
5,51,146.375,0.0012035646941512823,0.0,3.0,3.1666667461395264,389.0,0.0018990504322573543,0.0,6.0,5.0
5,52,251.6666717529297,0.001565883751027286,0.0,3.0,2.6666667461395264,352.0,0.0018990504322573543,0.0,6.0,5.0
5,53,197.68333435058594,0.0014576039975509048,0.0,3.299999952316284,2.799999952316284,357.0,0.0023988005705177784,0.0,6.0,5.0
5,54,192.89654541015625,0.000958141521550715,0.0,3.310344934463501,2.4827585220336914,355.0,0.0023988005705177784,0.0,6.0,3.0
5,55,211.26829528808594,0.0010116894263774157,0.0,2.6341464519500732,2.6341464519500732,355.0,0.0023988005705177784,0.0,6.0,5.0
5,56,142.76190185546875,0.001385021721944213,0.0,2.5714285373687744,3.095238208770752,368.0,0.0023988005705177784,0.0,6.0,5.0
5,57,20.75,0.001624187920242548,0.0,4.5,3.0,62.0,0.0018990504322573543,0.0,6.0,3.0
5,58,194.3333282470703,0.0013826419599354267,0.0,3.0,2.8333332538604736,353.0,0.0018990504322573543,0.0,6.0,5.0
5,59,197.1851806640625,0.0014141075080260634,0.0,3.3333332538604736,2.8888888359069824,355.0,0.0018990504322573543,0.0,6.0,5.0
5,60,205.5454559326172,0.0013993002939969301,0.0,3.8181817531585693,2.8181817531585693,355.0,0.0018990504322573543,0.0,6.0,5.0
5,61,136.8333282470703,0.0014326170785352588,0.0,5.0,3.0,353.0,0.0018990504322573543,0.0,6.0,5.0
5,62,246.1999969482422,0.0012393802171573043,0.0,4.800000190734863,2.5,355.0,0.0023988005705177784,0.0,6.0,5.0
5,63,155.57142639160156,0.001456414582207799,0.0,4.285714149475098,2.857142925262451,352.0,0.0018990504322573543,0.0,6.0,5.0
5,64,288.71429443359375,0.0013778825523331761,0.0,2.142857074737549,2.5714285373687744,358.0,0.0023988005705177784,0.0,6.0,5.0
5,65,298.5769348144531,0.0015838232357054949,0.0,1.8461538553237915,2.692307710647583,373.0,0.0018990504322573543,0.0,6.0,5.0
5,66,221.0,0.001574212801642716,0.0,2.5,2.8333332538604736,352.0,0.0018990504322573543,0.0,6.0,5.0
5,67,253.95237731933594,0.0013707431498914957,0.0,3.0,2.642857074737549,355.0,0.0023988005705177784,0.0,6.0,5.0
5,68,248.27272033691406,0.0010085867252200842,0.0,3.0,2.6818182468414307,357.0,0.0018990504322573543,0.0,6.0,5.0
5,69,237.6666717529297,0.000699650205206126,0.0,5.0,2.3333332538604736,355.0,0.0015992004191502929,0.0,6.0,3.0
5,70,205.14285278320312,0.0008852716418914497,0.0,2.5714285373687744,2.4285714626312256,355.0,0.0015992004191502929,0.0,6.0,3.0
5,71,272.29998779296875,0.0005797101766802371,0.0,1.7999999523162842,2.299999952316284,355.0,0.0015992004191502929,0.0,6.0,3.0
5,72,52.20000076293945,0.0013793103862553835,0.0,1.2000000476837158,3.4000000953674316,237.0,0.0015992004191502929,0.0,6.0,5.0
5,73,109.05882263183594,0.0011288472451269627,0.0,3.6470587253570557,3.313725471496582,389.0,0.002098950557410717,0.0,6.0,5.0
5,74,64.84615325927734,0.0013377926079556346,0.0,1.8461538553237915,3.153846263885498,353.0,0.0015992004191502929,0.0,6.0,7.0
5,75,210.15789794921875,0.0008416843484155834,0.0,4.736842155456543,2.4210526943206787,355.0,0.0015992004191502929,0.0,6.0,3.0
5,76,152.6666717529297,0.0011851215967908502,0.0,2.2857143878936768,2.7142856121063232,389.0,0.0023988005705177784,0.0,6.0,5.0
5,77,209.25,0.0008662335458211601,0.0,3.0,2.4166667461395264,355.0,0.0015992004191502929,0.0,6.0,3.0
5,78,312.23529052734375,0.00048799128853715956,0.0,3.529411792755127,2.3529412746429443,357.0,0.0010994502808898687,0.0,6.0,5.0
5,79,277.875,0.0008183408062905073,0.0,1.875,2.5625,357.0,0.0023988005705177784,0.0,6.0,5.0
5,80,243.25,0.00034982507349923253,0.0,2.25,2.625,355.0,0.0005997001426294446,0.0,6.0,4.0
5,81,312.5,0.001429285272024572,0.0,3.0,2.299999952316284,354.0,0.0023988005705177784,0.0,6.0,5.0
5,82,181.8333282470703,0.00046643344103358686,0.0,3.0,2.5,354.0,0.0011994002852588892,0.0,6.0,3.0
5,83,293.3333435058594,0.0005530567141249776,0.0,2.0,2.6666667461395264,355.0,0.0015992004191502929,0.0,6.0,5.0
5,84,330.0,0.00045977006084285676,0.0,3.5999999046325684,2.0999999046325684,355.0,0.0023988005705177784,0.0,6.0,3.0
11,0,214.37722778320312,0.001925976830534637,4.135807103011757e-05,3.0099778175354004,3.9631145000457764,28648.0,0.5310344696044922,0.37890878319740295,6.0,1983.0
11,1,685.103759765625,0.001076633227057755,0.00018027656187769026,3.0146374702453613,3.1819581985473633,29089.0,0.009095452725887299,0.01171734556555748,6.0,7.0
11,2,257.53009033203125,0.0009078349685296416,3.3480730053270236e-05,2.991472005844116,3.7253103256225586,29081.0,0.5150424838066101,0.34239092469215393,6.0,534.0
11,3,214.46531677246094,0.0009621789213269949,1.3524766472983174e-05,3.0033068656921387,3.868004560470581,28954.0,0.5310344696044922,0.37890878319740295,6.0,1983.0
11,4,206.59991455078125,0.0009754751226864755,5.733827038056916e-06,2.985139846801758,3.6952102184295654,28788.0,0.22678661346435547,0.37890878319740295,6.0,794.0
11,5,369.8618469238281,0.0009201004868373275,6.590900011360645e-05,2.999296188354492,3.6598570346832275,29090.0,0.5150424838066101,0.32456329464912415,6.0,380.0
11,6,236.2081756591797,0.000855623628012836,7.893851943663321e-06,2.958231210708618,3.8258206844329834,28976.0,0.009095452725887299,0.01171734556555748,6.0,7.0
11,7,309.9230651855469,0.001153269549831748,0.0,4.153846263885498,2.384615421295166,358.0,0.0023988005705177784,0.0,6.0,3.0
11,8,228.16140747070312,0.000755142536945641,7.302043286472326e-06,3.0249273777008057,3.875778913497925,28362.0,0.009095452725887299,0.01171734556555748,6.0,7.0
11,9,224.45957946777344,0.0007297874544747174,2.206379349445342e-06,2.986567974090576,3.6515190601348877,28812.0,0.009095452725887299,0.01171734556555748,6.0,7.0
11,10,255.27301025390625,0.000829844968393445,2.956548451038543e-05,3.0013203620910645,3.4987599849700928,29084.0,0.1234382838010788,0.5326001048088074,6.0,587.0
11,11,227.98104858398438,0.0011998597765341401,1.1807079317804892e-05,3.0665054321289062,3.9441757202148438,28692.0,0.009095452725887299,0.01171734556555748,6.0,7.0
11,12,240.47865295410156,0.0009257137426175177,3.247992935939692e-05,2.990159749984741,3.518009901046753,28709.0,0.1234382838010788,0.5326001048088074,6.0,353.0
11,13,221.96156311035156,0.0008352425065822899,1.4514748727378901e-06,3.007194995880127,3.7477807998657227,28932.0,0.05927036330103874,0.056717704981565475,6.0,97.0
11,14,221.3129425048828,0.0010125201661139727,7.902885954536032e-06,2.988084554672241,3.771358013153076,29041.0,0.009095452725887299,0.01171734556555748,6.0,7.0
11,15,241.8987579345703,0.0010789171792566776,7.16967333573848e-05,3.037726879119873,3.5607688426971436,28891.0,0.5150424838066101,0.32456329464912415,6.0,379.0
11,16,253.70492553710938,0.0012485567713156343,0.0,3.0819671154022217,3.1366119384765625,357.0,0.0026986505836248398,0.0,6.0,7.0
11,17,238.21083068847656,0.0008107516332529485,1.5116368558665272e-05,2.9690380096435547,3.674161434173584,28791.0,0.009095452725887299,0.01171734556555748,6.0,7.0
11,18,364.521240234375,0.001040082424879074,0.00021893535449635237,3.019227981567383,3.5608882904052734,29035.0,0.050274863839149475,0.19876356422901154,6.0,372.0
11,19,235.62791442871094,0.0012412401847541332,0.0,3.4883720874786377,3.581395387649536,389.0,0.0026986505836248398,0.0,6.0,7.0
11,20,249.58827209472656,0.0012615866726264358,0.0,2.9158878326416016,3.207684278488159,389.0,0.0026986505836248398,0.0,6.0,6.0
11,21,235.06732177734375,0.0013645534636452794,0.0,2.9742960929870605,3.4332926273345947,389.0,0.0026986505836248398,0.0,6.0,5.0
11,22,213.8305206298828,0.0010641050757840276,0.0,2.9787466526031494,3.7891008853912354,389.0,0.0026986505836248398,0.0,6.0,7.0
11,23,535.3369140625,0.0009668966522440314,0.00012531920219771564,2.7914438247680664,3.401069402694702,28152.0,0.009095452725887299,0.01171734556555748,6.0,5.0
11,24,215.56756591796875,0.0013830923708155751,0.0,3.4054055213928223,3.5135135650634766,358.0,0.0026986505836248398,0.0,6.0,5.0
11,25,285.7924499511719,0.0012936926214024425,0.0,3.169811248779297,2.792452812194824,389.0,0.0026986505836248398,0.0,6.0,5.0
11,26,286.0,0.001385021721944213,0.0,3.4285714626312256,3.0,357.0,0.0026986505836248398,0.0,6.0,4.0
11,27,245.0833282470703,0.0011994001688435674,0.0,3.0,3.0833332538604736,356.0,0.0026986505836248398,0.0,6.0,4.0
11,28,268.3571472167969,0.001274362439289689,0.0,3.857142925262451,3.0,358.0,0.0026986505836248398,0.0,6.0,5.0
11,29,225.94595336914062,0.0010022015776485205,0.0,3.4054055213928223,3.621621608734131,389.0,0.0026986505836248398,0.0,6.0,5.0
11,30,224.27272033691406,0.0012539185117930174,0.0,2.1818182468414307,3.2727272510528564,389.0,0.0026986505836248398,0.0,6.0,5.0
11,31,238.53591918945312,0.0013383273035287857,0.0,3.258090019226074,3.3914759159088135,389.0,0.0026986505836248398,0.0,6.0,7.0
11,32,274.0,0.0006929868250153959,0.0,4.0,2.799999952316284,357.0,0.0026986505836248398,0.0,6.0,5.0
11,33,161.5,0.0016991504235193133,0.0,1.5,3.75,194.0,0.0021989005617797375,0.0,6.0,4.0
11,34,264.0,0.001032816944643855,0.0,4.0,3.0,353.0,0.0021989005617797375,0.0,6.0,4.0
11,35,243.46665954589844,0.0014559387927874923,0.0,1.2000000476837158,3.0999999046325684,357.0,0.0023988005705177784,0.0,6.0,4.0
11,36,233.44444274902344,0.001399300410412252,0.0,0.6666666865348816,3.3333332538604736,355.0,0.0021989005617797375,0.0,6.0,4.0
11,37,279.7407531738281,0.0010957485064864159,0.0,2.444444417953491,2.9259259700775146,355.0,0.0021989005617797375,0.0,6.0,4.0
11,38,268.5714416503906,0.0011422859970480204,0.0,1.7142857313156128,3.142857074737549,358.0,0.0021989005617797375,0.0,6.0,4.0
11,39,301.3333435058594,0.0009995002765208483,0.0,2.0,2.6666667461395264,355.0,0.0021989005617797375,0.0,6.0,4.0
11,40,300.3333435058594,0.0008662335458211601,0.0,4.0,2.6666667461395264,354.0,0.0021989005617797375,0.0,6.0,4.0
11,41,214.25,0.0017241379246115685,0.0,6.0,4.0,275.0,0.0021989005617797375,0.0,6.0,4.0
11,42,219.1875,0.0015492255333811045,0.0,2.625,3.875,354.0,0.0021989005617797375,0.0,6.0,7.0
11,43,212.92308044433594,0.0014300543116405606,0.0,2.769230842590332,3.923076868057251,389.0,0.0021989005617797375,0.0,6.0,5.0
14,0,250.97927856445312,0.0020796507596969604,0.00018212133727502078,3.0007858276367188,4.0047078132629395,29396.0,0.09305347502231598,0.6709079146385193,6.0,1023.0
14,1,209.87612915039062,0.0008686280343681574,0.0,2.9964230060577393,4.110559463500977,389.0,0.0033983008470386267,0.0,6.0,7.0
14,2,212.63047790527344,0.00103906134609133,7.876191375544295e-06,3.003878116607666,3.714434862136841,29418.0,0.08085957169532776,0.33462727069854736,6.0,407.0
14,3,208.0892791748047,0.0011768151307478547,5.079452876088908e-06,3.00112247467041,4.073660373687744,29430.0,0.09305347502231598,0.07770828902721405,6.0,389.0
14,4,249.9868621826172,0.000988731044344604,1.5784586139488965e-05,2.997472047805786,3.856661319732666,29429.0,0.09305347502231598,0.07698943465948105,6.0,389.0
14,5,218.41937255859375,0.0010500005446374416,2.410418574072537e-06,3.0030601024627686,3.654606819152832,29426.0,0.009095452725887299,0.01171734556555748,6.0,7.0
14,6,273.0684509277344,0.0011721813352778554,2.335683529963717e-05,3.0777409076690674,3.4850497245788574,29410.0,0.009095452725887299,0.01171734556555748,6.0,7.0
14,7,348.0,0.0007996002095751464,0.0,0.0,4.0,348.0,0.0007996002095751464,0.0,0.0,4.0
14,8,204.25050354003906,0.0010903525399044156,6.312204732239479e-07,3.003286123275757,3.7861876487731934,29417.0,0.009095452725887299,0.01171734556555748,6.0,7.0
14,9,242.84814453125,0.001286476501263678,1.0868082426895853e-05,3.008082628250122,3.418179512023926,29378.0,0.009095452725887299,0.01171734556555748,6.0,7.0
14,10,187.01162719726562,0.000916982302442193,0.0,2.883720874786377,3.4457364082336426,374.0,0.0026986505836248398,0.0,6.0,5.0
14,11,258.3796691894531,0.001066291588358581,9.531619980407413e-06,3.012768268585205,3.387680768966675,29428.0,0.009095452725887299,0.01171734556555748,6.0,7.0
14,12,197.83038330078125,0.000856181257404387,0.0,3.171696186065674,3.401664972305298,389.0,0.0026986505836248398,0.0,6.0,7.0
14,13,348.0,0.0007996002095751464,0.0,6.0,4.0,348.0,0.0007996002095751464,0.0,6.0,4.0
14,14,270.76953125,0.0012129765236750245,2.774430686258711e-05,2.934490919113159,3.71665358543396,29334.0,0.009095452725887299,0.01171734556555748,6.0,7.0
14,15,319.5,0.0007996002095751464,0.0,3.0,4.0,348.0,0.0007996002095751464,0.0,6.0,4.0
14,16,205.9955596923828,0.001126716029830277,0.0,3.1485588550567627,3.6127123832702637,389.0,0.0026986505836248398,0.0,6.0,7.0
14,17,253.91574096679688,0.0012066601775586605,0.0,2.9786131381988525,2.999351978302002,389.0,0.0026986505836248398,0.0,6.0,5.0
14,18,247.0,0.0015048033092170954,0.0,3.6666667461395264,3.3888888359069824,355.0,0.0026986505836248398,0.0,6.0,4.0
14,19,217.56494140625,0.0010337383719161153,0.0,3.0779221057891846,3.2548701763153076,374.0,0.0026986505836248398,0.0,6.0,5.0
14,20,227.02813720703125,0.0011312782298773527,0.0,2.815856695175171,3.583120107650757,389.0,0.0026986505836248398,0.0,6.0,6.0
14,21,291.0,0.0007996002095751464,0.0,0.0,4.0,291.0,0.0007996002095751464,0.0,0.0,4.0
14,22,224.26531982421875,0.0008971165516413748,4.416085175762419e-06,2.9962310791015625,3.8300251960754395,29414.0,0.009095452725887299,0.01171734556555748,6.0,7.0
14,23,213.84228515625,0.0011328865075483918,0.0,2.958669900894165,3.670783758163452,389.0,0.0026986505836248398,0.0,6.0,7.0
14,24,216.73458862304688,0.001078521367162466,1.3349043683774653e-06,3.005202531814575,3.9198343753814697,29395.0,0.009095452725887299,0.01171734556555748,6.0,7.0
14,25,211.83860778808594,0.0008650853997096419,0.0,3.0641119480133057,3.7391304969787598,389.0,0.0026986505836248398,0.0,6.0,7.0
14,26,237.35789489746094,0.0012120254104956985,0.0,3.03157901763916,3.48421049118042,389.0,0.0026986505836248398,0.0,6.0,5.0
14,27,319.5,0.0007996002095751464,0.0,6.0,4.0,348.0,0.0007996002095751464,0.0,6.0,4.0
14,28,248.39999389648438,0.0019590205047279596,0.0,2.4000000953674316,3.200000047683716,291.0,0.0026986505836248398,0.0,6.0,4.0
14,29,239.56494140625,0.0011246360372751951,0.0,3.1643192768096924,3.270735502243042,389.0,0.0026986505836248398,0.0,6.0,7.0
14,30,168.8000030517578,0.0012593704741448164,0.0,3.0,3.4000000953674316,353.0,0.0026986505836248398,0.0,6.0,5.0
14,31,248.6923065185547,0.0017145273741334677,0.0,4.615384578704834,3.076923131942749,353.0,0.0026986505836248398,0.0,6.0,4.0
14,32,246.67999267578125,0.0007996003841981292,0.0,3.5999999046325684,3.2799999713897705,389.0,0.0026986505836248398,0.0,6.0,5.0
14,33,380.49090576171875,0.0011476757936179638,6.38354176771827e-05,2.9418885707855225,3.5405569076538086,29359.0,0.009095452725887299,0.01171734556555748,6.0,6.0
14,34,260.14727783203125,0.0009346117731183767,2.2708034521201625e-05,3.158914804458618,3.3604650497436523,29345.0,0.009095452725887299,0.01171734556555748,6.0,7.0
14,35,235.60000610351562,0.0017391303554177284,0.0,4.800000190734863,3.5999999046325684,374.0,0.0026986505836248398,0.0,6.0,4.0
14,36,221.9759063720703,0.0011969917686656117,0.0,3.397590398788452,3.4457831382751465,374.0,0.0026986505836248398,0.0,6.0,5.0
14,37,210.92471313476562,0.0008623931789770722,0.0,3.119999885559082,4.007058620452881,389.0,0.0033983008470386267,0.0,6.0,7.0
14,38,214.5294189453125,0.0009465856128372252,0.0,3.0,3.3529412746429443,357.0,0.0026986505836248398,0.0,6.0,5.0
14,39,201.21739196777344,0.0009060688898898661,0.0,2.86956524848938,3.3913042545318604,358.0,0.0026986505836248398,0.0,6.0,5.0
14,40,530.2395629882812,0.001086320262402296,0.00012677189079113305,3.085007667541504,3.7959814071655273,29388.0,0.009095452725887299,0.01171734556555748,6.0,6.0
14,41,252.5,0.0014278575545176864,0.0,2.5714285373687744,3.107142925262451,358.0,0.0026986505836248398,0.0,6.0,5.0
14,42,276.0909118652344,0.0012630048440769315,0.0,2.7272727489471436,2.6363637447357178,355.0,0.0026986505836248398,0.0,6.0,4.0
14,43,295.13043212890625,0.00113421562127769,0.0,2.6086957454681396,2.7391304969787598,372.0,0.0026986505836248398,0.0,6.0,4.0
14,44,268.9333190917969,0.0013793105026707053,0.0,2.4000000953674316,3.0,374.0,0.0026986505836248398,0.0,6.0,4.0
14,45,239.25,0.0019740131683647633,0.0,4.5,4.0,374.0,0.0026986505836248398,0.0,6.0,4.0
14,46,228.64285278320312,0.0012993505224585533,0.0,2.5714285373687744,3.7857143878936768,374.0,0.0026986505836248398,0.0,6.0,4.0
14,47,221.57142639160156,0.0018133792327716947,0.0,4.285714149475098,3.857142925262451,348.0,0.0026986505836248398,0.0,6.0,4.0
14,48,224.75,0.0015825420850887895,0.0,2.5,3.8333332538604736,374.0,0.0026986505836248398,0.0,6.0,4.0
14,49,270.0857238769531,0.001187977846711874,0.0,2.914285659790039,2.914285659790039,356.0,0.0026986505836248398,0.0,6.0,5.0
14,50,247.92857360839844,0.0007996001513674855,0.0,2.142857074737549,3.0714285373687744,354.0,0.0026986505836248398,0.0,6.0,5.0
14,51,252.1923065185547,0.0015992006519809365,0.0,3.0,3.384615421295166,374.0,0.0026986505836248398,0.0,6.0,4.0
14,52,257.1470642089844,0.0013493252918124199,0.0,3.529411792755127,3.1764705181121826,355.0,0.0026986505836248398,0.0,6.0,5.0
14,53,260.79998779296875,0.0014792602742090821,0.0,2.4000000953674316,3.200000047683716,348.0,0.0026986505836248398,0.0,6.0,4.0
14,54,232.7142791748047,0.001956164836883545,0.0,1.7142857313156128,3.4285714626312256,291.0,0.0026986505836248398,0.0,6.0,4.0
14,55,239.73684692382812,0.0013151322491467,0.0,1.5789474248886108,3.473684310913086,354.0,0.0026986505836248398,0.0,6.0,5.0
14,56,226.6666717529297,0.001899050548672676,0.0,2.0,4.0,291.0,0.0026986505836248398,0.0,6.0,4.0
14,57,265.19049072265625,0.0013183887349441648,0.0,1.7142857313156128,2.857142925262451,355.0,0.0026986505836248398,0.0,6.0,4.0
14,58,258.6875,0.0014367816038429737,0.0,3.0,3.375,389.0,0.0026986505836248398,0.0,6.0,5.0
14,59,277.4285583496094,0.001327907433733344,0.0,3.4285714626312256,3.0,373.0,0.0026986505836248398,0.0,6.0,4.0
14,60,238.85714721679688,0.0014135789824649692,0.0,2.5714285373687744,3.2857143878936768,354.0,0.0026986505836248398,0.0,6.0,4.0
14,61,280.8333435058594,0.00106613349635154,0.0,4.0,2.8333332538604736,354.0,0.0026986505836248398,0.0,6.0,4.0
14,62,248.0,0.0018657337641343474,0.0,4.0,3.3333332538604736,354.0,0.0026986505836248398,0.0,6.0,4.0
14,63,230.4736785888672,0.0007732975063845515,0.0,3.473684310913086,3.0526316165924072,374.0,0.0026986505836248398,0.0,6.0,5.0
14,64,315.5,0.0010827918304130435,0.0,4.0,2.5,356.0,0.0026986505836248398,0.0,6.0,4.0
14,65,286.1428527832031,0.0009281072998419404,0.0,3.4285714626312256,2.857142925262451,354.0,0.0026986505836248398,0.0,6.0,4.0
14,66,283.1428527832031,0.0010708930203691125,0.0,2.5714285373687744,3.142857074737549,354.0,0.0026986505836248398,0.0,6.0,4.0
14,67,270.8888854980469,0.0014992505311965942,0.0,2.6666667461395264,3.8888888359069824,389.0,0.0026986505836248398,0.0,6.0,5.0
14,68,324.25,0.0007121438393369317,0.0,1.5,2.25,354.0,0.0026986505836248398,0.0,6.0,4.0
14,69,297.1428527832031,0.0007853215211071074,0.0,5.142857074737549,2.4285714626312256,355.0,0.0026986505836248398,0.0,6.0,4.0
14,70,307.79998779296875,0.0011594202369451523,0.0,4.800000190734863,2.5,355.0,0.0026986505836248398,0.0,6.0,4.0
14,71,278.0,0.0014849717263132334,0.0,4.285714149475098,3.857142925262451,359.0,0.0026986505836248398,0.0,6.0,5.0
14,72,263.0,0.0014992501819506288,0.0,3.0,3.0,353.0,0.0026986505836248398,0.0,6.0,4.0
14,73,213.5,0.0019490256672725081,0.0,5.0,3.8333332538604736,281.0,0.0023988005705177784,0.0,6.0,5.0
14,74,250.42857360839844,0.0014135789824649692,0.0,4.285714149475098,3.2857143878936768,354.0,0.0023988005705177784,0.0,6.0,5.0
14,75,271.0,0.0014992504147812724,0.0,0.0,4.0,348.0,0.0021989005617797375,0.0,0.0,4.0
14,76,293.0,0.001632516854442656,0.0,4.0,3.0,374.0,0.0023988005705177784,0.0,6.0,4.0
14,77,214.25,0.0017241379246115685,0.0,3.0,4.0,275.0,0.0021989005617797375,0.0,6.0,4.0
14,78,280.20001220703125,0.001359320362098515,0.0,2.4000000953674316,4.0,374.0,0.0021989005617797375,0.0,6.0,4.0
14,79,218.25,0.001849075430072844,0.0,1.5,4.0,291.0,0.0021989005617797375,0.0,6.0,4.0
14,80,309.0,0.0013993002939969301,0.0,3.5999999046325684,3.5999999046325684,374.0,0.0023988005705177784,0.0,6.0,4.0
14,81,272.5,0.001649175421334803,0.0,3.0,3.5,348.0,0.0023988005705177784,0.0,6.0,4.0
14,82,284.0,0.0014992504147812724,0.0,3.0,4.0,374.0,0.0021989005617797375,0.0,6.0,4.0
14,83,286.3333435058594,0.0012660337379202247,0.0,0.0,4.0,374.0,0.0021989005617797375,0.0,0.0,4.0
14,84,203.8235321044922,0.001028897357173264,0.0,3.882352828979492,3.2352941036224365,354.0,0.0023988005705177784,0.0,6.0,5.0
14,85,255.5,0.0012160586193203926,0.0,4.0,3.6666667461395264,374.0,0.0021989005617797375,0.0,6.0,4.0
14,86,217.06666564941406,0.001199400401674211,0.0,2.4000000953674316,3.799999952316284,374.0,0.0021989005617797375,0.0,6.0,5.0
14,87,256.30767822265625,0.001191711868159473,0.0,3.230769157409668,2.923076868057251,355.0,0.0023988005705177784,0.0,6.0,5.0
14,88,256.3999938964844,0.0004797601141035557,0.0,2.4000000953674316,2.4000000953674316,354.0,0.0011994002852588892,0.0,6.0,3.0
14,89,339.6000061035156,0.0005297351744957268,0.0,3.0,2.4000000953674316,360.0,0.0011994002852588892,0.0,6.0,5.0
14,90,173.0,0.0007424858631566167,0.0,4.285714149475098,3.0,353.0,0.0016991504235193133,0.0,6.0,4.0
14,91,287.5,0.00044977510697208345,0.0,3.0,3.0,354.0,0.0007996002095751464,0.0,6.0,4.0
14,92,138.1999969482422,0.0005797101184725761,0.0,3.5999999046325684,3.5999999046325684,234.0,0.0010994502808898687,0.0,6.0,5.0
14,93,351.0,0.0004997501382604241,0.0,6.0,3.0,354.0,0.0007996002095751464,0.0,6.0,4.0
14,94,281.29998779296875,0.001109445234760642,0.0,3.5999999046325684,2.5,355.0,0.0023988005705177784,0.0,6.0,4.0
14,95,273.29998779296875,0.0014692653203383088,0.0,1.2000000476837158,2.5999999046325684,353.0,0.0023988005705177784,0.0,6.0,4.0
14,96,325.8333435058594,0.0010161586105823517,0.0,5.0,2.5,357.0,0.0023988005705177784,0.0,6.0,4.0
14,97,321.3999938964844,0.00031984009547159076,0.0,3.5999999046325684,2.4000000953674316,358.0,0.0005997001426294446,0.0,6.0,3.0
14,98,314.5,0.0015992004191502929,0.0,0.0,3.0,348.0,0.0023988005705177784,0.0,0.0,4.0
14,99,228.39999389648438,0.0007996002095751464,0.0,1.2000000476837158,2.799999952316284,352.0,0.0015992004191502929,0.0,6.0,4.0
14,100,355.6000061035156,0.00039980007568374276,0.0,2.4000000953674316,2.4000000953674316,358.0,0.0005997001426294446,0.0,6.0,3.0
14,101,286.0,0.0015992004191502929,0.0,6.0,3.0,291.0,0.0023988005705177784,0.0,6.0,4.0
14,102,200.0,0.0002998500713147223,0.0,6.0,4.0,200.0,0.0002998500713147223,0.0,6.0,4.0
14,103,200.0,0.0002998500713147223,0.0,0.0,4.0,200.0,0.0002998500713147223,0.0,0.0,4.0
14,104,291.0,0.0007996002095751464,0.0,6.0,4.0,291.0,0.0007996002095751464,0.0,6.0,4.0
6,0,136.668212890625,0.001287218532525003,8.617020648671314e-05,2.9824864864349365,3.263139486312866,26744.0,0.21299350261688232,0.5272805690765381,6.0,1273.0
6,1,204.26449584960938,0.000629975984338671,5.591191438725218e-06,2.9992990493774414,3.42169189453125,26940.0,0.04927536100149155,0.05901804193854332,6.0,91.0
6,2,182.69781494140625,0.0006630572606809437,9.138543646258768e-06,3.0040829181671143,3.714012384414673,26564.0,0.16881559789180756,0.20422686636447906,6.0,426.0
6,3,165.9948272705078,0.0010344493202865124,5.602956662187353e-05,3.006225347518921,3.6197681427001953,26474.0,0.6173912882804871,0.2982531785964966,6.0,1273.0
6,4,170.34945678710938,0.0007940906216390431,1.4989218470873311e-05,2.9980032444000244,3.575136661529541,26922.0,0.06786606460809708,0.38667240738868713,6.0,798.0
6,5,292.4013671875,0.0008379280334338546,6.60109071759507e-05,2.985527753829956,3.4750936031341553,26941.0,0.09445277601480484,0.17015311121940613,6.0,218.0
6,6,131.02720642089844,0.0008921496337279677,1.2533837434602901e-05,2.995138645172119,3.6471688747406006,26934.0,0.27276360988616943,0.28962692618370056,6.0,1689.0
6,7,179.2393035888672,0.0009077126742340624,5.111097561893985e-05,2.9838709831237793,3.582794666290283,26830.0,0.09445277601480484,0.24074473977088928,6.0,288.0
6,8,185.21978759765625,0.0009379922412335873,0.0,2.6373627185821533,3.1208791732788086,360.0,0.0023988005705177784,0.0,6.0,5.0
6,9,166.4879913330078,0.0007982103270478547,3.6175133573124185e-05,3.0083656311035156,3.688959836959839,26893.0,0.34192904829978943,0.4394364058971405,6.0,914.0
6,10,208.3213653564453,0.0010580242378637195,7.083305263222428e-06,2.9708240032196045,3.137437105178833,26825.0,0.031284358352422714,0.031126447021961212,6.0,70.0
6,11,207.3333282470703,0.0006774390349164605,0.0,1.3333333730697632,2.777777671813965,355.0,0.0018990504322573543,0.0,6.0,5.0
6,12,221.55555725097656,0.0009661835501901805,0.0,2.0,2.3333332538604736,355.0,0.0023988005705177784,0.0,6.0,3.0
6,13,211.62069702148438,0.0011408091522753239,0.0,3.310344934463501,2.4137930870056152,355.0,0.0023988005705177784,0.0,6.0,4.0
6,14,125.55307006835938,0.001002848381176591,3.069546210099361e-06,2.998054027557373,3.4705231189727783,26928.0,0.050274863839149475,0.057580333203077316,6.0,98.0
6,15,215.3333282470703,0.0008329168776981533,0.0,5.0,2.3333332538604736,355.0,0.0018990504322573543,0.0,6.0,4.0
6,16,209.5227813720703,0.0007213237113319337,1.632570092624519e-05,2.9623868465423584,4.071099758148193,26908.0,0.03828085958957672,0.03730860352516174,6.0,104.0
6,17,222.6666717529297,0.0008662335458211601,0.0,1.3333333730697632,3.1111111640930176,374.0,0.0018990504322573543,0.0,6.0,5.0
6,18,166.1666717529297,0.0010994503973051906,0.0,2.5,2.6666667461395264,354.0,0.0023988005705177784,0.0,6.0,4.0
6,19,211.1666717529297,0.0009495252161286771,0.0,1.0,3.0,360.0,0.0018990504322573543,0.0,6.0,5.0
6,20,170.04104614257812,0.0008885365095920861,2.055871118500363e-05,2.9050583839416504,3.5970816612243652,26555.0,0.01729135401546955,0.08389044553041458,6.0,69.0
6,21,304.1607666015625,0.0012565961806103587,0.00018516131967771798,3.072237968444824,3.75,26434.0,0.05927036330103874,0.057580333203077316,6.0,107.0
6,22,206.3048095703125,0.0007808493683114648,7.540119440818671e-06,2.989703893661499,3.823680877685547,26913.0,0.009095452725887299,0.01171734556555748,6.0,7.0
6,23,134.75,0.001111944206058979,0.0,2.25,2.8125,358.0,0.0018990504322573543,0.0,6.0,4.0
6,24,185.2147674560547,0.0007674013613723218,0.0,3.1812081336975098,3.4966442584991455,374.0,0.0023988005705177784,0.0,6.0,5.0
6,25,188.07691955566406,0.0006227654521353543,0.0,3.846153736114502,3.4743590354919434,389.0,0.0023988005705177784,0.0,6.0,7.0
6,26,113.75,0.0011315770680084825,0.0,3.4285714626312256,3.2142856121063232,389.0,0.0015992004191502929,0.0,6.0,5.0
6,27,265.3999938964844,0.0005997001426294446,0.0,2.4000000953674316,2.5999999046325684,354.0,0.0018990504322573543,0.0,6.0,5.0
6,28,156.26666259765625,0.0013060137862339616,0.0,3.200000047683716,2.7333333492279053,353.0,0.0023988005705177784,0.0,6.0,4.0
6,29,145.85240173339844,0.0009717301581986248,5.959195277682738e-06,3.0151846408843994,3.440685272216797,26831.0,0.050274863839149475,0.05829918757081032,6.0,84.0
6,30,163.4499969482422,0.001374312792904675,0.0,3.299999952316284,2.799999952316284,356.0,0.0023988005705177784,0.0,6.0,4.0
19,0,123.20954132080078,0.0012007348705083132,0.0,3.007096529006958,3.313544511795044,389.0,0.0023988005705177784,0.0,6.0,7.0
19,1,143.35528564453125,0.0009113490814343095,2.3664277250645682e-05,3.006669759750366,3.6598386764526367,29928.0,0.01729135401546955,0.21199050545692444,6.0,167.0
19,2,360.28570556640625,0.0007345182821154594,0.0001019526316667907,3.033022165298462,3.53399658203125,30130.0,0.0718640685081482,0.5256990790367126,6.0,1104.0
19,3,175.25389099121094,0.0007376026478596032,1.952815546246711e-05,3.0182905197143555,3.7397475242614746,30127.0,0.01729135401546955,0.2197541445493698,6.0,173.0
19,4,147.01019287109375,0.0009753216290846467,2.3058066290104762e-05,3.026819944381714,3.6970198154449463,29947.0,0.10004997253417969,0.22679893672466278,6.0,342.0
19,5,213.67941284179688,0.0006636969046667218,2.3374454030999914e-05,3.0009939670562744,3.647573471069336,30135.0,0.21299350261688232,0.2594349682331085,6.0,1507.0
19,6,230.44444274902344,0.0007996001513674855,0.0,2.0,2.777777671813965,358.0,0.0015992004191502929,0.0,6.0,3.0
19,7,226.0048828125,0.0006576780579052866,2.0622801457648166e-05,3.0041017532348633,3.432788610458374,30128.0,0.21299350261688232,0.2904895544052124,6.0,1507.0
19,8,201.4086456298828,0.0007139731314964592,1.4153942174743861e-05,2.990597724914551,3.525385856628418,30083.0,0.0718640685081482,0.5256990790367126,6.0,1104.0
19,9,263.9792175292969,0.0007071909494698048,0.00021025889145676047,2.99276065826416,3.537041425704956,30132.0,0.5150424838066101,0.5279994010925293,6.0,1104.0
19,10,212.2142791748047,0.001006639446131885,0.0,2.142857074737549,3.357142925262451,373.0,0.0018990504322573543,0.0,6.0,5.0
19,11,181.13111877441406,0.0008824651013128459,7.756681588944048e-05,2.962066650390625,3.699930191040039,29924.0,0.05407296493649483,0.2197541445493698,6.0,174.0
19,12,156.87840270996094,0.0009551123948767781,0.0,3.0019431114196777,3.586949586868286,389.0,0.0023988005705177784,0.0,6.0,7.0
19,13,146.5947723388672,0.0009575823205523193,0.0,2.983407497406006,3.6519627571105957,389.0,0.002098950557410717,0.0,6.0,7.0
19,14,186.6004180908203,0.0006368416943587363,0.0,2.9938907623291016,3.931972026824951,389.0,0.002098950557410717,0.0,6.0,7.0
19,15,195.13893127441406,0.0006921753520146012,2.0105613657506183e-05,3.026986837387085,3.7851996421813965,29895.0,0.0718640685081482,0.1521817296743393,6.0,320.0
19,16,195.26315307617188,0.0007364738848991692,0.0,3.1578948497772217,2.8421051502227783,354.0,0.0018990504322573543,0.0,6.0,5.0
19,17,176.03280639648438,0.0009363592253066599,6.673128041256859e-07,3.0646393299102783,3.3464889526367188,30011.0,0.009095452725887299,0.01171734556555748,6.0,7.0
19,18,150.26922607421875,0.0010494755115360022,0.0,3.923076868057251,3.0,354.0,0.0018990504322573543,0.0,6.0,5.0
19,19,114.09091186523438,0.0010176729410886765,0.0,2.1818182468414307,3.090909004211426,349.0,0.0018990504322573543,0.0,6.0,4.0
19,20,197.81817626953125,0.0008268592646345496,0.0,2.7272727489471436,3.0,357.0,0.0018990504322573543,0.0,6.0,4.0
19,21,161.27272033691406,0.0006269591394811869,0.0,2.7272727489471436,3.0,358.0,0.0018990504322573543,0.0,6.0,3.0
19,22,212.04347229003906,0.0006996500887908041,0.0,2.6086957454681396,2.82608699798584,355.0,0.0015992004191502929,0.0,6.0,5.0
3,0,215.0684356689453,0.0011983810691162944,0.00012365446309559047,3.0015079975128174,3.1406357288360596,25603.0,0.31134432554244995,0.5326001048088074,6.0,2245.0
3,1,132.96356201171875,0.0007717928965575993,1.2097932994947769e-05,3.0214016437530518,3.8140974044799805,25400.0,0.22678661346435547,0.45352599024772644,6.0,1266.0
3,2,139.31732177734375,0.0007582761463709176,1.0515690519241616e-05,3.0024194717407227,3.9832661151885986,25164.0,0.1474262923002243,0.34239092469215393,6.0,542.0
3,3,177.0890655517578,0.0010017777094617486,7.715264473517891e-06,2.983311891555786,3.336914539337158,25604.0,0.03168415650725365,0.031845301389694214,6.0,86.0
3,4,140.5487823486328,0.0008610539953224361,2.4946959911176236e-06,2.992263078689575,3.7820661067962646,25588.0,0.05927036330103874,0.14599956572055817,6.0,298.0
3,5,156.4114227294922,0.0011264070635661483,0.0,2.9485714435577393,3.324571371078491,389.0,0.0023988005705177784,0.0,6.0,5.0
3,6,238.82318115234375,0.0010546221164986491,4.851903941016644e-05,3.0343685150146484,3.4677019119262695,25596.0,0.009095452725887299,0.01171734556555748,6.0,7.0
3,7,179.96890258789062,0.0007600287208333611,2.6282466933480464e-05,3.021023988723755,3.708002805709839,25313.0,0.22678661346435547,0.24462655186653137,6.0,322.0
3,8,181.45216369628906,0.0008480973192490637,5.986637006571982e-06,3.0085580348968506,3.671222448348999,25535.0,0.009095452725887299,0.01171734556555748,6.0,7.0
3,9,136.22268676757812,0.0008868762524798512,5.758758447882428e-07,3.0001473426818848,3.718336820602417,25316.0,0.009095452725887299,0.01171734556555748,6.0,7.0
3,10,142.81161499023438,0.0009381766431033611,7.512310276069911e-06,2.993135929107666,3.6391704082489014,25589.0,0.7021489143371582,0.2982531785964966,6.0,1641.0
3,11,272.8042297363281,0.0009894665563479066,4.5728902478003874e-05,3.0009443759918213,3.3402581214904785,25597.0,0.009095452725887299,0.01171734556555748,6.0,6.0
3,12,73.7272720336914,0.0013175230706110597,0.0,3.8181817531585693,4.0,260.0,0.0018990504322573543,0.0,6.0,6.0
3,13,329.9540100097656,0.0008887290023267269,5.665393473464064e-05,2.8032236099243164,3.154466152191162,25599.0,0.009095452725887299,0.01171734556555748,6.0,7.0
3,14,147.0111541748047,0.0010780589655041695,7.847834240237717e-06,2.9873790740966797,3.4795961380004883,25088.0,0.03828085958957672,0.03730860352516174,6.0,120.0
3,15,176.40306091308594,0.000693999754730612,8.843004252412356e-06,3.0062813758850098,3.4960124492645264,25537.0,0.09305347502231598,0.07842714339494705,6.0,401.0
3,16,176.53440856933594,0.0009052123059518635,7.432505753968144e-06,3.0193467140197754,3.394861936569214,25492.0,0.009095452725887299,0.01171734556555748,6.0,7.0
3,17,167.86363220214844,0.0009358959505334496,0.0,2.1818182468414307,3.045454502105713,389.0,0.0018990504322573543,0.0,6.0,5.0
3,18,204.86709594726562,0.0008521090494468808,2.472013875376433e-05,2.9746835231781006,3.837552785873413,25409.0,0.009095452725887299,0.01171734556555748,6.0,5.0
3,19,917.48486328125,0.0013447823002934456,0.00035507106804288924,3.2121212482452393,2.6666667461395264,25477.0,0.009095452725887299,0.01171734556555748,6.0,4.0
3,20,176.88729858398438,0.0009694178588688374,1.6715186575311236e-05,3.012838840484619,3.396576404571533,25283.0,0.009095452725887299,0.01171734556555748,6.0,5.0
3,21,134.6666717529297,0.0011327669490128756,0.0,5.0,3.6666667461395264,275.0,0.0018990504322573543,0.0,6.0,5.0
3,22,183.19845581054688,0.0013591655297204852,1.816642725316342e-05,3.0790698528289795,2.8852713108062744,25411.0,0.009095452725887299,0.01171734556555748,6.0,5.0
3,23,16934.333984375,0.006196901667863131,0.007811563555151224,0.0,1.0,25322.0,0.009095452725887299,0.01171734556555748,0.0,3.0
3,24,117.0,0.0012993501732125878,0.0,4.0,2.8888888359069824,353.0,0.0023988005705177784,0.0,6.0,4.0
3,25,271.20001220703125,0.0010794602567330003,0.0,1.2000000476837158,2.5999999046325684,355.0,0.0018990504322573543,0.0,6.0,4.0
3,26,209.06494140625,0.0008216668502427638,0.0,3.50649356842041,3.3246753215789795,389.0,0.0023988005705177784,0.0,6.0,5.0
3,27,213.75,0.0008495752117596567,0.0,3.75,2.625,354.0,0.0018990504322573543,0.0,6.0,4.0
3,28,53.0,0.0008995502139441669,0.0,1.0,4.0,53.0,0.0008995502139441669,0.0,6.0,4.0
3,29,175.18292236328125,0.0011713653802871704,0.0,2.487804889678955,2.7317073345184326,373.0,0.0023988005705177784,0.0,6.0,5.0
3,30,137.60714721679688,0.0013207681477069855,0.0,3.0,2.8214285373687744,355.0,0.0018990504322573543,0.0,6.0,4.0
3,31,54.33333206176758,0.0013160085072740912,0.0,3.200000047683716,3.366666555404663,353.0,0.0018990504322573543,0.0,6.0,5.0
3,32,64.2727279663086,0.0007723410963080823,0.0,3.2727272510528564,3.3636362552642822,234.0,0.0018990504322573543,0.0,6.0,4.0
3,33,134.76922607421875,0.001184023218229413,0.0,4.615384578704834,3.230769157409668,360.0,0.0018990504322573543,0.0,6.0,5.0
3,34,193.04705810546875,0.001429873169399798,0.0,2.2588236331939697,2.799999952316284,360.0,0.0023988005705177784,0.0,6.0,5.0
3,35,150.4166717529297,0.0007329668733291328,0.0,2.0,2.9166667461395264,354.0,0.0018990504322573543,0.0,6.0,4.0
3,36,162.375,0.0007371313986368477,0.0,2.25,3.4375,372.0,0.0018990504322573543,0.0,6.0,5.0
3,37,122.375,0.0011181908193975687,0.0,2.25,3.1875,389.0,0.0018990504322573543,0.0,6.0,5.0
3,38,231.6875,0.0008370814612135291,0.0,2.25,2.6875,354.0,0.0018990504322573543,0.0,6.0,4.0
3,39,179.75,0.0009745127754285932,0.0,4.5,2.5,353.0,0.0018990504322573543,0.0,6.0,3.0
3,40,183.1999969482422,0.001439280342310667,0.0,4.800000190734863,3.200000047683716,389.0,0.0023988005705177784,0.0,6.0,5.0
3,41,119.0,0.0010744627797976136,0.0,4.5,3.25,275.0,0.0018990504322573543,0.0,6.0,4.0
3,42,96.33333587646484,0.0013659837422892451,0.0,4.0,3.3333332538604736,275.0,0.0018990504322573543,0.0,6.0,4.0
3,43,182.65516662597656,0.0010684315348044038,0.0,2.275861978530884,2.724138021469116,357.0,0.0023988005705177784,0.0,6.0,5.0
3,44,52.0,0.0014742629136890173,0.0,6.0,3.0,187.0,0.0018990504322573543,0.0,6.0,3.0
3,45,198.89999389648438,0.0013693153159692883,0.0,2.4000000953674316,2.4000000953674316,354.0,0.0023988005705177784,0.0,6.0,3.0
3,46,177.8333282470703,0.0011327669490128756,0.0,2.0,2.5,354.0,0.0023988005705177784,0.0,6.0,3.0
3,47,107.14286041259766,0.0010328168282285333,0.0,3.142857074737549,3.047619104385376,354.0,0.0018990504322573543,0.0,6.0,5.0
3,48,145.39999389648438,0.0012193901930004358,0.0,3.5999999046325684,2.5999999046325684,353.0,0.0018990504322573543,0.0,6.0,3.0
3,49,81.41304016113281,0.0013167327269911766,0.0,2.6086957454681396,3.04347825050354,354.0,0.0023988005705177784,0.0,6.0,5.0
3,50,158.375,0.0009495252161286771,0.0,4.5,2.875,354.0,0.0018990504322573543,0.0,6.0,4.0
3,51,167.3000030517578,0.0010794602567330003,0.0,3.5999999046325684,2.799999952316284,354.0,0.0018990504322573543,0.0,6.0,5.0
3,52,195.63636779785156,0.0007905138190835714,0.0,4.363636493682861,2.909090995788574,354.0,0.0018990504322573543,0.0,6.0,4.0
3,53,112.33333587646484,0.0014326168457046151,0.0,3.5,2.8333332538604736,354.0,0.0023988005705177784,0.0,6.0,4.0
3,54,145.1481475830078,0.000988394720479846,0.0,2.8888888359069824,3.2962963581085205,389.0,0.0023988005705177784,0.0,6.0,5.0
3,55,91.16666412353516,0.00140762934461236,0.0,4.0,3.0,354.0,0.0023988005705177784,0.0,6.0,5.0
3,56,103.70587921142578,0.0013052296126261353,0.0,3.529411792755127,2.882352828979492,354.0,0.0023988005705177784,0.0,6.0,4.0
3,57,145.3076934814453,0.0014223656617105007,0.0,2.307692289352417,2.923076868057251,353.0,0.0023988005705177784,0.0,6.0,5.0
3,58,189.57142639160156,0.0009281072998419404,0.0,2.5714285373687744,3.0,353.0,0.0018990504322573543,0.0,6.0,4.0
3,59,144.44000244140625,0.0009915041737258434,0.0,2.880000114440918,3.4800000190734863,389.0,0.0023988005705177784,0.0,6.0,5.0
3,60,183.75,0.0006746626459062099,0.0,6.0,2.5,354.0,0.0018990504322573543,0.0,6.0,3.0
3,61,190.05555725097656,0.000571936194319278,0.0,3.0,3.277777671813965,374.0,0.0018990504322573543,0.0,6.0,5.0
3,62,48.66666793823242,0.0014104057336226106,0.0,3.3333332538604736,3.222222328186035,332.0,0.0018990504322573543,0.0,6.0,5.0
3,63,155.63636779785156,0.0008541183779016137,0.0,3.8181817531585693,2.6363637447357178,353.0,0.0018990504322573543,0.0,6.0,3.0
3,64,214.77777099609375,0.0008662335458211601,0.0,2.6666667461395264,3.1111111640930176,360.0,0.0018990504322573543,0.0,6.0,5.0
3,65,122.72222137451172,0.001221611280925572,0.0,3.0,3.0,354.0,0.0023988005705177784,0.0,6.0,5.0
3,66,44.92856979370117,0.0016277573304250836,0.0,2.5714285373687744,3.2142856121063232,281.0,0.0023988005705177784,0.0,6.0,5.0
3,67,120.65217590332031,0.0008474024944007397,0.0,2.86956524848938,3.3913042545318604,353.0,0.0018990504322573543,0.0,6.0,4.0
3,68,197.86956787109375,0.0007691807113587856,0.0,2.7391304969787598,4.282608509063721,389.0,0.0023988005705177784,0.0,6.0,5.0
3,69,153.90908813476562,0.0004906637477688491,0.0,3.8181817531585693,3.090909004211426,353.0,0.0018990504322573543,0.0,6.0,5.0
3,70,128.3333282470703,0.0008329168776981533,0.0,2.0,3.1666667461395264,360.0,0.0018990504322573543,0.0,6.0,5.0
3,71,224.0,0.00044977504876442254,0.0,3.2727272510528564,3.6363637447357178,355.0,0.0015992004191502929,0.0,6.0,4.0
3,72,93.0,0.0012493752874433994,0.0,4.5,2.75,354.0,0.0015992004191502929,0.0,6.0,3.0
3,73,229.0,0.0012438223930075765,0.0,2.6666667461395264,2.3333332538604736,354.0,0.0015992004191502929,0.0,6.0,3.0
3,74,130.60000610351562,0.001479260390624404,0.0,3.5999999046325684,2.5999999046325684,354.0,0.0023988005705177784,0.0,6.0,3.0
3,75,269.79998779296875,0.0009595202282071114,0.0,3.5999999046325684,2.200000047683716,355.0,0.0023988005705177784,0.0,6.0,3.0
3,76,52.0,0.0015992004191502929,0.0,3.0,3.0,190.0,0.0015992004191502929,0.0,6.0,3.0
3,77,73.25,0.0012743629049509764,0.0,1.5,3.25,275.0,0.0015992004191502929,0.0,6.0,4.0
3,78,33.71428680419922,0.0014135789824649692,0.0,3.4285714626312256,3.142857074737549,200.0,0.0015992004191502929,0.0,6.0,4.0
3,79,79.75,0.001266033505089581,0.0,3.0,3.0833332538604736,353.0,0.0015992004191502929,0.0,6.0,4.0
3,80,129.39999389648438,0.0010594703489914536,0.0,3.5999999046325684,3.0,354.0,0.0015992004191502929,0.0,6.0,4.0
3,81,55.42856979370117,0.0012065395712852478,0.0,3.0,3.5,200.0,0.0015992004191502929,0.0,6.0,5.0
3,82,44.79999923706055,0.0013393304543569684,0.0,4.800000190734863,3.200000047683716,200.0,0.0015992004191502929,0.0,6.0,4.0
3,83,85.0,0.0010994502808898687,0.0,0.0,3.5,275.0,0.0015992004191502929,0.0,0.0,4.0
3,84,93.80000305175781,0.0011194403050467372,0.0,6.0,3.5999999046325684,275.0,0.0015992004191502929,0.0,6.0,5.0
3,85,17.66666603088379,0.0014159587444737554,0.0,3.0,3.3333332538604736,76.0,0.0015992004191502929,0.0,6.0,5.0
3,86,6.0,0.0015992004191502929,0.0,0.0,3.0,6.0,0.0015992004191502929,0.0,0.0,3.0
3,87,75.54545593261719,0.0014265592908486724,0.0,3.2727272510528564,3.2272727489471436,354.0,0.0023988005705177784,0.0,6.0,5.0
3,88,40.0,0.0013793103862553835,0.0,3.5999999046325684,3.4000000953674316,176.0,0.0015992004191502929,0.0,6.0,5.0
3,89,48.0,0.0014409461291506886,0.0,3.0,3.3333332538604736,333.0,0.0015992004191502929,0.0,6.0,5.0
3,90,36.71428680419922,0.0014849717263132334,0.0,4.285714149475098,3.2857143878936768,221.0,0.0015992004191502929,0.0,6.0,5.0
3,91,60.71428680419922,0.0014421361265704036,0.0,3.4285714626312256,3.2857143878936768,389.0,0.0015992004191502929,0.0,6.0,5.0
3,92,78.4000015258789,0.0014392804587259889,0.0,4.800000190734863,3.4000000953674316,368.0,0.0015992004191502929,0.0,6.0,5.0
3,93,197.5,0.0010494752787053585,0.0,6.0,4.0,389.0,0.0015992004191502929,0.0,6.0,5.0
3,94,36.71428680419922,0.0014849717263132334,0.0,2.5714285373687744,3.2857143878936768,221.0,0.0015992004191502929,0.0,6.0,5.0
3,95,20.83333396911621,0.0015159087488427758,0.0,4.0,3.3333332538604736,95.0,0.0015992004191502929,0.0,6.0,5.0
3,96,6.0,0.0015992004191502929,0.0,6.0,3.0,6.0,0.0015992004191502929,0.0,6.0,3.0
3,97,147.38461303710938,0.0007957560592330992,0.0,3.461538553237915,3.461538553237915,354.0,0.0023988005705177784,0.0,6.0,5.0
3,98,219.8333282470703,0.00053306674817577,0.0,2.0,4.666666507720947,389.0,0.0007996002095751464,0.0,6.0,5.0
3,99,243.8947296142578,0.0012940897140651941,0.0,1.894736886024475,3.3157894611358643,360.0,0.0023988005705177784,0.0,6.0,5.0
16,0,214.38780212402344,0.0017245543422177434,2.0510076410573674e-06,3.0043044090270996,3.7536110877990723,29551.0,0.06606696546077728,0.08935374766588211,6.0,113.0
16,1,222.00120544433594,0.0006069869268685579,1.5341167909355136e-06,2.9877240657806396,3.6408004760742188,29717.0,0.028885556384921074,0.07928977161645889,6.0,68.0
16,2,296.388427734375,0.0009581411140970886,4.587385410559364e-05,3.007631301879883,3.8692679405212402,29849.0,0.21299350261688232,0.07698943465948105,6.0,671.0
16,3,249.40463256835938,0.0006081905448809266,2.521705027902499e-06,2.9932358264923096,3.415762186050415,29747.0,0.009095452725887299,0.01171734556555748,6.0,15.0
16,4,254.34613037109375,0.0006027729832567275,8.895487553672865e-06,3.0291411876678467,3.418851137161255,29510.0,0.06606696546077728,0.06922579556703568,6.0,103.0
16,5,214.01522827148438,0.0008992466027848423,3.768818942262442e-06,2.9767966270446777,3.8457999229431152,29431.0,0.21299350261688232,0.07698943465948105,6.0,671.0
16,6,242.5755615234375,0.0010890107369050384,4.4009189878124744e-05,2.9955477714538574,4.020500183105469,29712.0,0.21299350261688232,0.07698943465948105,6.0,671.0
16,7,237.7085723876953,0.0008859192603267729,7.257569450302981e-06,2.9662435054779053,3.734282970428467,29767.0,0.009095452725887299,0.01171734556555748,6.0,7.0
16,8,272.290771484375,0.0010741186561062932,7.456833554897457e-05,3.032761573791504,4.085072040557861,29807.0,0.21299350261688232,0.07698943465948105,6.0,671.0
16,9,211.80201721191406,0.0009253518073819578,0.0,3.017251968383789,3.7968780994415283,389.0,0.0026986505836248398,0.0,6.0,7.0
16,10,217.08383178710938,0.000874823541380465,1.1442178902143496e-06,2.997629404067993,3.8053810596466064,29512.0,0.026886556297540665,0.03040759079158306,6.0,74.0
16,11,215.39646911621094,0.0009355329675599933,4.0071631701721344e-07,2.9793097972869873,3.8146779537200928,29757.0,0.009095452725887299,0.01171734556555748,6.0,7.0
16,12,232.51834106445312,0.0008631620439700782,5.849167791893706e-06,2.9530763626098633,3.7688755989074707,29845.0,0.009095452725887299,0.01171734556555748,6.0,7.0
16,13,219.41908264160156,0.0008973285439424217,3.577384268282913e-05,2.994290828704834,3.746727228164673,29547.0,0.04167915880680084,0.6677449345588684,6.0,1016.0
16,14,212.6549835205078,0.0008809950086288154,0.0,3.0366621017456055,3.817430019378662,389.0,0.0026986505836248398,0.0,6.0,7.0
16,15,225.768310546875,0.0008207423961721361,0.0,2.964747428894043,3.660595417022705,389.0,0.0026986505836248398,0.0,6.0,7.0
16,16,230.11776733398438,0.0006500098388642073,4.595938662532717e-06,2.936065912246704,3.5589330196380615,29689.0,0.009095452725887299,0.01171734556555748,6.0,7.0
16,17,244.7808837890625,0.0006341466796584427,1.6117394352477277e-06,2.995598316192627,3.439614772796631,29577.0,0.009095452725887299,0.01171734556555748,6.0,7.0
16,18,222.18263244628906,0.000660418882034719,0.0,3.0051567554473877,3.6033520698547363,389.0,0.0026986505836248398,0.0,6.0,7.0
16,19,274.7537841796875,0.0008067022426985204,2.6047322535305284e-05,2.999797821044922,3.8305153846740723,29800.0,0.009095452725887299,0.01171734556555748,6.0,7.0
16,20,219.36004638671875,0.0007805402274243534,2.7913949907087954e-06,3.007385015487671,3.8235528469085693,29737.0,0.009095452725887299,0.01171734556555748,6.0,7.0
16,21,217.9747772216797,0.0008630086667835712,5.180306743568508e-06,3.033189535140991,3.8156278133392334,29503.0,0.040479760617017746,0.07928977161645889,6.0,70.0
16,22,233.3033447265625,0.0008293614373542368,6.400818620022619e-06,3.0369319915771484,3.8086612224578857,29847.0,0.009095452725887299,0.01171734556555748,6.0,7.0
16,23,230.4982452392578,0.00065987667767331,7.96003223513253e-06,3.0066170692443848,3.6979942321777344,29446.0,0.21299350261688232,0.07698943465948105,6.0,671.0
16,24,217.29159545898438,0.0008614617399871349,1.9786421034950763e-05,3.007347583770752,3.8024868965148926,29527.0,0.040479760617017746,0.1832362860441208,6.0,149.0
16,25,229.59942626953125,0.0008302024216391146,0.00014075542276259512,3.022017240524292,3.8796308040618896,29787.0,0.03868066146969795,0.6553806066513062,6.0,987.0
16,26,211.04261779785156,0.000834258331451565,0.0,2.9379589557647705,3.947622776031494,389.0,0.0026986505836248398,0.0,6.0,7.0
7,0,118.03871154785156,0.001445888658054173,8.068822353379801e-05,2.9988291263580322,3.2105867862701416,27172.0,0.16881559789180756,0.5295808911323547,6.0,849.0
7,1,118.21697235107422,0.0011918483069166541,2.9790871280965803e-07,3.010220766067505,3.9655752182006836,27264.0,0.009095452725887299,0.01171734556555748,6.0,7.0
7,2,142.5357666015625,0.0011522499844431877,8.367708687728737e-06,3.0129916667938232,3.7865676879882812,27182.0,0.05287356302142143,0.20192652940750122,6.0,161.0
7,3,127.66161346435547,0.0012590261176228523,1.4225943232304417e-05,3.0039589405059814,4.218990325927734,27193.0,0.06786606460809708,0.20192652940750122,6.0,321.0
7,4,144.79025268554688,0.0009240013896487653,9.801130545383785e-06,3.0162227153778076,4.027071475982666,27177.0,0.06786606460809708,0.20192652940750122,6.0,321.0
7,5,145.51116943359375,0.0011056119110435247,5.0756396376527846e-05,3.022526979446411,3.981675863265991,27049.0,0.01149425283074379,0.18869958817958832,6.0,148.0
7,6,153.1659698486328,0.0009414642699994147,7.695135906260475e-08,2.982524871826172,3.8144054412841797,27194.0,0.006496751680970192,0.005535188131034374,6.0,15.0
7,7,136.13368225097656,0.0010480224154889584,6.6565289671416394e-06,2.9998462200164795,3.8877546787261963,27330.0,0.052273862063884735,0.20192652940750122,6.0,161.0
7,8,181.1232452392578,0.0009333291091024876,3.2514173653908074e-05,2.989362955093384,3.793835163116455,27180.0,0.038080960512161255,0.20192652940750122,6.0,342.0
7,9,161.04183959960938,0.0009035369148477912,3.3200441976077855e-05,3.0134735107421875,3.88325572013855,27350.0,0.038080960512161255,0.20192652940750122,6.0,358.0
7,10,139.0315399169922,0.0012731262249872088,2.1557792933890596e-05,3.01173734664917,4.613474369049072,27152.0,0.0718640685081482,0.408381849527359,6.0,849.0
7,11,138.40980529785156,0.001080597285181284,4.743675162899308e-06,2.988507032394409,4.011207580566406,27154.0,0.05287356302142143,0.20192652940750122,6.0,161.0
7,12,145.93670654296875,0.0011644490296021104,1.5519097360083833e-05,2.991858959197998,4.429867744445801,27250.0,0.02028985507786274,0.20192652940750122,6.0,161.0
7,13,130.24456787109375,0.0011799243511632085,7.847063898225315e-06,2.9854631423950195,4.209749221801758,27174.0,0.06786606460809708,0.20192652940750122,6.0,321.0
7,14,117.37860107421875,0.0011352705769240856,0.0,2.9772658348083496,3.8831465244293213,389.0,0.0033983008470386267,0.0,6.0,7.0
7,15,203.9391632080078,0.0007198972161859274,6.287146970862523e-05,3.0066587924957275,3.4660537242889404,27359.0,0.43028485774993896,0.5885270833969116,6.0,682.0
7,16,153.48675537109375,0.0009663506061770022,2.010706339206081e-05,2.9907426834106445,4.035791397094727,27251.0,0.028885556384921074,0.20192652940750122,6.0,161.0
7,17,147.71176147460938,0.001240862300619483,0.0,3.0079574584960938,4.044208526611328,389.0,0.0021989005617797375,0.0,6.0,7.0
7,18,205.0,0.0009661835501901805,0.0,2.6666667461395264,2.444444417953491,354.0,0.0018990504322573543,0.0,6.0,3.0
7,19,146.5240020751953,0.0010463619837537408,1.275675185752334e-05,3.000591516494751,4.0330657958984375,27360.0,0.06786606460809708,0.20192652940750122,6.0,321.0
1,0,123.04426574707031,0.0011344394879415631,5.745606904383749e-05,2.9882466793060303,3.5316269397735596,21202.0,0.18280859291553497,0.585507869720459,6.0,1243.0
1,1,222.82005310058594,0.0006088947411626577,3.870148429996334e-05,3.0003767013549805,3.5392322540283203,21201.0,0.0630684643983841,0.25167134404182434,6.0,380.0
1,2,209.8361053466797,0.000549232354387641,2.942102582892403e-05,2.9820897579193115,3.681277275085449,21072.0,0.11244377493858337,0.585507869720459,6.0,1243.0
1,3,300.8538513183594,0.0006797176320105791,7.91540733189322e-05,2.981086254119873,3.535717010498047,21217.0,0.11244377493858337,0.585507869720459,6.0,1243.0
1,4,219.3329620361328,0.0005855403724126518,4.222472489345819e-05,3.0096230506896973,3.5745725631713867,21185.0,0.06606696546077728,0.25167134404182434,6.0,380.0
1,5,168.18955993652344,0.0008105045417323709,3.3088948839576915e-05,3.00152850151062,3.7774598598480225,21214.0,0.06626686453819275,0.25167134404182434,6.0,380.0
1,6,195.11074829101562,0.0006413203664124012,0.0,2.94370698928833,4.147826194763184,389.0,0.002098950557410717,0.0,6.0,7.0
1,7,172.20730590820312,0.000721982738468796,2.012256663874723e-05,3.0085713863372803,3.8238139152526855,21162.0,0.0630684643983841,0.2229171097278595,6.0,177.0
1,8,169.31446838378906,0.0007503764354623854,8.550116945116315e-06,2.995830774307251,3.7603113651275635,20993.0,0.052273862063884735,0.2229171097278595,6.0,310.0
1,9,183.76608276367188,0.000737221329472959,6.43008024781011e-05,2.986260414123535,3.9031918048858643,21003.0,0.18280859291553497,0.585507869720459,6.0,1243.0
1,10,172.8334503173828,0.0007447960670106113,4.939874997944571e-05,2.9810240268707275,3.948054552078247,20906.0,0.11244377493858337,0.585507869720459,6.0,1243.0
1,11,287.75,0.00027486254111863673,0.0,5.0,2.4166667461395264,355.0,0.0004997501382604241,0.0,6.0,5.0
1,12,169.3236846923828,0.0008122356957755983,0.0,2.953029155731201,3.607896566390991,389.0,0.002098950557410717,0.0,6.0,7.0
1,13,229.02174377441406,0.0005475525395013392,0.0,2.86956524848938,3.6521739959716797,389.0,0.0018990504322573543,0.0,6.0,5.0
1,14,206.3333282470703,0.0007996001513674855,0.0,2.0,4.111111164093018,389.0,0.0018990504322573543,0.0,6.0,5.0
1,15,304.1666564941406,0.0012660337379202247,0.0,3.0,2.6666667461395264,352.0,0.0015992004191502929,0.0,6.0,4.0
1,16,246.08453369140625,0.0006814951193518937,0.0,2.978417158126831,2.852518081665039,389.0,0.0019990005530416965,0.0,6.0,6.0
1,17,167.93519592285156,0.0008595882100053132,0.0,3.0718865394592285,3.641242027282715,389.0,0.002098950557410717,0.0,6.0,7.0
1,18,194.90721130371094,0.0006337036611512303,0.0,3.0927834510803223,4.350515365600586,389.0,0.0018990504322573543,0.0,6.0,7.0
1,19,208.45755004882812,0.0006209154962562025,0.0,2.8867924213409424,3.141509532928467,389.0,0.002098950557410717,0.0,6.0,5.0
1,20,143.35353088378906,0.0008914728532545269,0.0,3.2121212482452393,3.8787879943847656,389.0,0.0019990005530416965,0.0,6.0,6.0
1,21,153.18182373046875,0.0008904639980755746,0.0,4.363636493682861,3.545454502105713,275.0,0.0018990504322573543,0.0,6.0,4.0
1,22,240.17076110839844,0.0004854123981203884,0.0,2.9780731201171875,3.2418603897094727,389.0,0.002098950557410717,0.0,6.0,7.0
1,23,173.84210205078125,0.000804860785137862,0.0,2.21052622795105,3.1052632331848145,360.0,0.0018990504322573543,0.0,6.0,5.0
1,24,360.0,0.0004997501382604241,0.0,6.0,5.0,360.0,0.0004997501382604241,0.0,6.0,5.0
1,25,163.96031188964844,0.0007686627795919776,0.0,3.238095283508301,3.3333332538604736,354.0,0.002098950557410717,0.0,6.0,7.0
1,26,235.90383911132812,0.0005208937800489366,0.0,2.769230842590332,3.057692289352417,389.0,0.0018990504322573543,0.0,6.0,5.0
1,27,159.0,0.001256514573469758,0.0,4.285714149475098,2.857142925262451,352.0,0.0018990504322573543,0.0,6.0,4.0
1,28,269.198486328125,0.0006805759621784091,0.0,3.068702220916748,2.85496187210083,374.0,0.0018990504322573543,0.0,6.0,5.0
1,29,130.6923065185547,0.0009764350252225995,0.0,2.769230842590332,3.692307710647583,360.0,0.0018990504322573543,0.0,6.0,5.0
1,30,248.0,0.0007496252073906362,0.0,4.0,2.5,356.0,0.0018990504322573543,0.0,6.0,3.0
1,31,160.6666717529297,0.0007796102436259389,0.0,2.799999952316284,3.2666666507720947,354.0,0.0018990504322573543,0.0,6.0,5.0
1,32,211.0,0.0008495751535519958,0.0,1.5,4.5,389.0,0.0018990504322573543,0.0,6.0,5.0
1,33,189.56097412109375,0.0005680088070221245,0.0,2.7804877758026123,3.6097559928894043,389.0,0.0018990504322573543,0.0,6.0,6.0
1,34,137.85714721679688,0.0007996001513674855,0.0,1.7142857313156128,3.4285714626312256,275.0,0.0018990504322573543,0.0,6.0,5.0
1,35,82.55555725097656,0.0009772891644388437,0.0,2.0,3.222222328186035,200.0,0.0018990504322573543,0.0,6.0,4.0
1,36,194.76190185546875,0.0007615240174345672,0.0,2.2857143878936768,3.6190476417541504,389.0,0.0018990504322573543,0.0,6.0,5.0
1,37,134.8000030517578,0.0006196901085786521,0.0,3.5999999046325684,2.799999952316284,354.0,0.0018990504322573543,0.0,6.0,3.0
1,38,142.9166717529297,0.0007329668733291328,0.0,2.5,3.6666667461395264,353.0,0.0018990504322573543,0.0,6.0,5.0
1,39,169.0,0.0007884946535341442,0.0,4.666666507720947,2.555555582046509,354.0,0.0018990504322573543,0.0,6.0,3.0
1,40,278.2727355957031,0.0006814773660153151,0.0,3.2727272510528564,2.545454502105713,389.0,0.0018990504322573543,0.0,6.0,5.0
1,41,173.3333282470703,0.0007758027059026062,0.0,3.142857074737549,3.2857143878936768,354.0,0.0018990504322573543,0.0,6.0,5.0
1,42,273.0,0.0006829918711446226,0.0,1.0,2.5,355.0,0.0018990504322573543,0.0,6.0,4.0
1,43,182.11111450195312,0.000943972438108176,0.0,4.666666507720947,2.555555582046509,355.0,0.0018990504322573543,0.0,6.0,3.0
1,44,201.29629516601562,0.000662631937302649,0.0,2.8888888359069824,3.0740740299224854,357.0,0.0018990504322573543,0.0,6.0,6.0
1,45,182.3333282470703,0.0007662835414521396,0.0,4.0,2.6666667461395264,353.0,0.0018990504322573543,0.0,6.0,3.0
1,46,141.3333282470703,0.0007662835414521396,0.0,4.0,2.6666667461395264,353.0,0.0018990504322573543,0.0,6.0,3.0
1,47,182.6666717529297,0.0007662835414521396,0.0,2.0,2.6666667461395264,354.0,0.0018990504322573543,0.0,6.0,3.0
1,48,86.33333587646484,0.0009661835501901805,0.0,2.0,3.0,188.0,0.0018990504322573543,0.0,6.0,3.0
1,49,189.6666717529297,0.0007662835414521396,0.0,2.0,2.5,354.0,0.0018990504322573543,0.0,6.0,3.0
1,50,281.75,0.0007496250909753144,0.0,3.0,2.5,356.0,0.0018990504322573543,0.0,6.0,4.0
1,51,209.75,0.0003248375724069774,0.0,0.0,3.75,300.0,0.0004997501382604241,0.0,0.0,4.0
1,52,96.0,0.0008329168776981533,0.0,6.0,3.3333332538604736,217.0,0.0018990504322573543,0.0,6.0,4.0
1,53,198.3333282470703,0.0008329168776981533,0.0,4.0,2.6666667461395264,354.0,0.0018990504322573543,0.0,6.0,3.0
1,54,38.5,0.0007246376480907202,0.0,4.5,3.0,64.0,0.0018990504322573543,0.0,6.0,3.0
1,55,69.5,0.001149425283074379,0.0,6.0,3.5,132.0,0.0018990504322573543,0.0,6.0,4.0
1,56,230.25,0.0007746126502752304,0.0,3.0,3.0,374.0,0.0018990504322573543,0.0,6.0,4.0
1,57,114.71428680419922,0.0010137788485735655,0.0,2.5714285373687744,3.0,354.0,0.0018990504322573543,0.0,6.0,4.0
1,58,168.14285278320312,0.001042335992679,0.0,3.4285714626312256,2.857142925262451,353.0,0.0018990504322573543,0.0,6.0,4.0
1,59,132.0,0.0007496251491829753,0.0,3.0,3.5,200.0,0.0018990504322573543,0.0,6.0,4.0
1,60,135.53846740722656,0.0008995504467748106,0.0,3.692307710647583,4.07692289352417,389.0,0.0018990504322573543,0.0,6.0,5.0
1,61,145.6666717529297,0.0008662335458211601,0.0,4.0,3.3333332538604736,354.0,0.0018990504322573543,0.0,6.0,5.0
1,62,162.3125,0.0006809096084907651,0.0,2.625,3.8125,389.0,0.0018990504322573543,0.0,6.0,5.0
1,63,203.8333282470703,0.0006829918711446226,0.0,2.0,3.5,355.0,0.0018990504322573543,0.0,6.0,5.0
1,64,91.0,0.0006796601228415966,0.0,4.800000190734863,3.4000000953674316,187.0,0.0018990504322573543,0.0,6.0,5.0
1,65,188.14999389648438,0.0006896551931276917,0.0,2.4000000953674316,3.700000047683716,360.0,0.0018990504322573543,0.0,6.0,5.0
1,66,180.39999389648438,0.0006996501469984651,0.0,0.0,3.5999999046325684,354.0,0.0018990504322573543,0.0,0.0,5.0
1,67,184.0,0.0007246376480907202,0.0,6.0,3.5,353.0,0.0018990504322573543,0.0,6.0,5.0
1,68,146.85714721679688,0.0007424858631566167,0.0,2.5714285373687744,3.5714285373687744,275.0,0.0018990504322573543,0.0,6.0,4.0
1,69,138.7142791748047,0.000985221704468131,0.0,1.7142857313156128,3.5714285373687744,275.0,0.0018990504322573543,0.0,6.0,4.0
1,70,160.6666717529297,0.0008329168776981533,0.0,6.0,3.6666667461395264,275.0,0.0018990504322573543,0.0,6.0,4.0
1,71,195.0,0.0008245876524597406,0.0,4.5,4.0,360.0,0.0018990504322573543,0.0,6.0,5.0
1,72,249.3000030517578,0.0005697151063941419,0.0,4.199999809265137,3.5,389.0,0.0018990504322573543,0.0,6.0,5.0
1,73,200.14285278320312,0.0006853715749457479,0.0,4.285714149475098,3.4285714626312256,354.0,0.0018990504322573543,0.0,6.0,6.0
1,74,129.05555725097656,0.0009384196600876749,0.0,4.0,3.722222328186035,389.0,0.0018990504322573543,0.0,6.0,5.0
1,75,190.0,0.0007424858631566167,0.0,3.4285714626312256,2.7142856121063232,358.0,0.0018990504322573543,0.0,6.0,3.0
1,76,173.0,0.00044422229984775186,0.0,2.6666667461395264,2.8888888359069824,354.0,0.0018990504322573543,0.0,6.0,4.0
1,77,278.28570556640625,0.0005997001426294446,0.0,2.5714285373687744,3.7142856121063232,360.0,0.0018990504322573543,0.0,6.0,6.0
1,78,246.0,0.0004886445822194219,0.0,2.0,3.1111111640930176,354.0,0.0018990504322573543,0.0,6.0,5.0
1,79,324.8125,0.0005684657371602952,0.0,1.5,2.5,374.0,0.0018990504322573543,0.0,6.0,4.0
1,80,216.8095245361328,0.0008614742546342313,0.0,2.857142925262451,3.095238208770752,359.0,0.0018990504322573543,0.0,6.0,5.0
1,81,234.625,0.0006246876437216997,0.0,3.75,2.875,357.0,0.0018990504322573543,0.0,6.0,5.0
1,82,86.0,0.0007662835414521396,0.0,2.0,3.0,187.0,0.0018990504322573543,0.0,6.0,3.0
1,83,215.1666717529297,0.0007996002095751464,0.0,3.0,2.6666667461395264,354.0,0.0018990504322573543,0.0,6.0,4.0
1,84,173.5,0.00037481257459148765,0.0,3.75,3.0,358.0,0.0005997001426294446,0.0,6.0,3.0
2,0,160.27284240722656,0.001242769998498261,5.8011282817460597e-05,3.007436752319336,3.11899995803833,21848.0,0.09265367686748505,0.2717992961406708,6.0,404.0
2,1,176.80108642578125,0.0007711770012974739,1.5180962691374589e-05,2.9892446994781494,3.6540236473083496,21627.0,0.09265367686748505,0.6218819618225098,6.0,1317.0
2,2,159.29689025878906,0.0007659216062165797,1.2141348634031601e-05,3.010845899581909,3.5618035793304443,21445.0,0.05947026610374451,0.22838041186332703,6.0,171.0
2,3,169.5072784423828,0.0008239005692303181,3.323846249259077e-05,2.981489419937134,3.511038303375244,21854.0,0.09265367686748505,0.6218819618225098,6.0,1317.0
2,4,171.2564239501953,0.0006904266192577779,9.103683623834513e-06,3.0179054737091064,3.4018447399139404,21462.0,0.01729135401546955,0.08389044553041458,6.0,69.0
2,5,193.41566467285156,0.000883815111592412,4.984765109838918e-05,3.027421474456787,3.41428279876709,21676.0,0.09265367686748505,0.11810797452926636,6.0,155.0
2,6,171.51519775390625,0.0007395019056275487,5.3905227105133235e-05,3.005803108215332,3.726390838623047,21637.0,0.4306846559047699,1.0,6.0,1317.0
2,7,237.72909545898438,0.0007004131912253797,0.00010871212725760415,3.007636547088623,3.401293992996216,21752.0,0.09265367686748505,0.2717992961406708,6.0,404.0
2,8,248.0936279296875,0.0007794345146976411,0.00010717350960476324,2.9929187297821045,3.398637294769287,21871.0,0.4306846559047699,1.0,6.0,1317.0
2,9,181.03079223632812,0.0007395240827463567,5.9536755543376785e-06,2.953029155731201,3.319502115249634,21779.0,0.03828085958957672,0.03658974915742874,6.0,114.0
2,10,215.16900634765625,0.0008627593633718789,8.869711746228859e-05,2.989802360534668,3.296191930770874,21662.0,0.052273862063884735,0.6218819618225098,6.0,1317.0
2,11,262.8827819824219,0.0008817985071800649,2.0812336515518837e-05,2.991118907928467,2.831261157989502,21836.0,0.009095452725887299,0.01171734556555748,6.0,6.0
2,12,194.0,0.0007746126502752304,0.0,1.5,2.5,354.0,0.0018990504322573543,0.0,6.0,3.0
2,13,194.61444091796875,0.0008813860476948321,2.90264688374009e-05,3.0161378383636475,3.3583731651306152,21789.0,0.09265367686748505,0.2717992961406708,6.0,404.0
2,14,262.5555419921875,0.0008773391018621624,0.0,2.6666667461395264,3.0,357.0,0.0018990504322573543,0.0,6.0,4.0
2,15,294.0185241699219,0.0005238123703747988,0.0,2.8888888359069824,2.685185194015503,389.0,0.0018990504322573543,0.0,6.0,5.0
2,16,263.00457763671875,0.0006881969165988266,0.0,3.0928900241851807,2.8228211402893066,389.0,0.002098950557410717,0.0,6.0,5.0
2,17,351.0,0.0007996002095751464,0.0,6.0,2.0,351.0,0.0007996002095751464,0.0,6.0,2.0
2,18,263.0360107421875,0.0007158707012422383,0.00010281689174007624,2.992000102996826,3.093428611755371,21707.0,0.09265367686748505,0.11810797452926636,6.0,155.0
2,19,252.2105255126953,0.0008311633137054741,0.0,3.1578948497772217,2.526315689086914,356.0,0.0018990504322573543,0.0,6.0,4.0
2,20,248.25,0.0005711429403163493,0.0,2.357142925262451,2.5357143878936768,355.0,0.0018990504322573543,0.0,6.0,5.0
2,21,234.125,0.0005497251404449344,0.0,3.75,2.625,354.0,0.0018990504322573543,0.0,6.0,4.0
2,22,173.70492553710938,0.0007422515191137791,0.0,2.950819730758667,3.2131147384643555,360.0,0.0018990504322573543,0.0,6.0,5.0
2,23,236.26315307617188,0.0007206922164186835,0.0,3.473684310913086,2.8947367668151855,356.0,0.0018990504322573543,0.0,6.0,5.0
2,24,262.05126953125,0.0008918620296753943,0.0,3.538461446762085,2.7435896396636963,356.0,0.0018990504322573543,0.0,6.0,5.0
2,25,222.81817626953125,0.0005360955838114023,0.0,3.8181817531585693,2.7272727489471436,354.0,0.0018990504322573543,0.0,6.0,4.0
2,26,283.1538391113281,0.0005920116091147065,0.0,4.153846263885498,2.538461446762085,354.0,0.0018990504322573543,0.0,6.0,5.0
2,27,207.0,0.0007139287190511823,0.0,0.8571428656578064,2.4285714626312256,354.0,0.0018990504322573543,0.0,6.0,3.0
2,28,266.60430908203125,0.000990871456451714,0.0,2.6330935955047607,2.66906476020813,373.0,0.0023988005705177784,0.0,6.0,5.0
2,29,236.5,0.0011327668325975537,0.0,3.0,2.6666667461395264,353.0,0.0023988005705177784,0.0,6.0,4.0
2,30,224.28070068359375,0.000981965335085988,0.0,2.736842155456543,2.78947377204895,360.0,0.002098950557410717,0.0,6.0,5.0
2,31,237.6666717529297,0.0007662835414521396,0.0,2.0,2.3333332538604736,353.0,0.0018990504322573543,0.0,6.0,3.0
2,32,220.125,0.0006871563964523375,0.0,2.25,2.75,354.0,0.0018990504322573543,0.0,6.0,4.0
2,33,123.0,0.0009281073580496013,0.0,2.5714285373687744,3.0,354.0,0.0018990504322573543,0.0,6.0,4.0
2,34,264.257568359375,0.0009192369761876762,0.0,2.2727272510528564,2.5,358.0,0.0023988005705177784,0.0,6.0,4.0
2,35,141.11111450195312,0.0007551779272034764,0.0,2.6666667461395264,3.222222328186035,358.0,0.0018990504322573543,0.0,6.0,5.0
2,36,249.7857208251953,0.0011637037387117743,0.0,4.285714149475098,2.642857074737549,353.0,0.0023988005705177784,0.0,6.0,5.0
2,37,299.79998779296875,0.000469765072921291,0.0,3.0,2.4000000953674316,355.0,0.0018990504322573543,0.0,6.0,5.0
2,38,218.57142639160156,0.0007496252073906362,0.0,4.285714149475098,3.142857074737549,374.0,0.0018990504322573543,0.0,6.0,4.0
2,39,244.63157653808594,0.0006207422120496631,0.0,4.1052632331848145,2.5789473056793213,354.0,0.0018990504322573543,0.0,6.0,5.0
2,40,191.35714721679688,0.0007258278201334178,0.0,3.142857074737549,3.357142925262451,374.0,0.002098950557410717,0.0,6.0,5.0
2,41,204.85714721679688,0.0008852716418914497,0.0,5.142857074737549,4.0,309.0,0.002098950557410717,0.0,6.0,5.0
2,42,7370.888671875,0.0033983008470386267,0.003905781777575612,2.8888888359069824,2.0,21546.0,0.009095452725887299,0.01171734556555748,6.0,5.0
2,43,299.3333435058594,0.0006996501469984651,0.0,2.4000000953674316,2.3333332538604736,355.0,0.0018990504322573543,0.0,6.0,4.0
2,44,265.3448181152344,0.0005376621847972274,0.0,2.689655065536499,2.5517241954803467,374.0,0.0018990504322573543,0.0,6.0,5.0
2,45,295.1666564941406,0.0007163084228523076,0.0,6.0,2.5,355.0,0.0018990504322573543,0.0,6.0,4.0
2,46,220.0,0.0007408061646856368,0.0,2.6470587253570557,2.8529412746429443,389.0,0.002098950557410717,0.0,6.0,5.0
2,47,262.7930908203125,0.0004825172945857048,0.0,2.275861978530884,2.7586207389831543,360.0,0.0018990504322573543,0.0,6.0,5.0
2,48,263.3999938964844,0.0005797101184725761,0.0,3.5999999046325684,2.5333333015441895,355.0,0.0018990504322573543,0.0,6.0,4.0
2,49,253.53334045410156,0.0009262034436687827,0.0,3.200000047683716,2.5999999046325684,355.0,0.0023988005705177784,0.0,6.0,5.0
2,50,241.63636779785156,0.000731452542822808,0.0,2.454545497894287,2.7727272510528564,360.0,0.0018990504322573543,0.0,6.0,5.0
2,51,253.27777099609375,0.00041090563172474504,0.0,2.6666667461395264,2.777777671813965,355.0,0.0018990504322573543,0.0,6.0,5.0
2,52,256.71429443359375,0.0006996500887908041,0.0,4.285714149475098,2.2857143878936768,355.0,0.0018990504322573543,0.0,6.0,3.0
2,53,259.22222900390625,0.0012216115137562156,0.0,3.3333332538604736,2.444444417953491,354.0,0.0018990504322573543,0.0,6.0,5.0
2,54,241.3333282470703,0.00046643344103358686,0.0,2.0,2.3333332538604736,353.0,0.0007996002095751464,0.0,6.0,3.0
2,55,312.4285583496094,0.0006853715749457479,0.0,1.7142857313156128,2.4285714626312256,355.0,0.0023988005705177784,0.0,6.0,5.0
2,56,328.6000061035156,0.00027986004715785384,0.0,3.0,2.299999952316284,354.0,0.0009995002765208483,0.0,6.0,5.0
2,57,243.11111450195312,0.0007107556448318064,0.0,5.333333492279053,3.555555582046509,373.0,0.0016991504235193133,0.0,6.0,5.0
2,58,222.0,0.0005997001426294446,0.0,6.0,3.0,358.0,0.0007996002095751464,0.0,6.0,3.0
2,59,353.0,0.0001999000523937866,0.0,2.0,2.0,353.0,0.0001999000523937866,0.0,6.0,2.0
2,60,320.6000061035156,0.0003198400663677603,0.0,2.4000000953674316,2.200000047683716,354.0,0.0007996002095751464,0.0,6.0,3.0
2,61,202.0,0.0007996001513674855,0.0,2.5714285373687744,2.4285714626312256,354.0,0.0015992004191502929,0.0,6.0,3.0
2,62,288.5714416503906,0.0004283572197891772,0.0,6.0,2.2857143878936768,354.0,0.0015992004191502929,0.0,6.0,3.0
2,63,317.0,0.00106613349635154,0.0,4.0,2.1666667461395264,357.0,0.0015992004191502929,0.0,6.0,3.0
18,0,101.0859146118164,0.0012321394169703126,1.1764046575990506e-05,2.9976418018341064,3.4244306087493896,24880.0,0.06786606460809708,0.1779167503118515,6.0,453.0
18,1,104.5,0.0013493252918124199,0.0,1.5,3.375,354.0,0.0018990504322573543,0.0,6.0,7.0
18,2,152.83839416503906,0.0010458447504788637,0.0,2.984419107437134,4.355320930480957,389.0,0.0033983008470386267,0.0,6.0,7.0
18,3,210.09228515625,0.001380230998620391,0.00010507702245377004,3.000938653945923,4.676048755645752,25029.0,0.22678661346435547,0.3983178734779358,6.0,834.0
18,4,129.10491943359375,0.0008081871783360839,9.784839676285628e-07,3.021294355392456,3.7207515239715576,24979.0,0.009095452725887299,0.01171734556555748,6.0,7.0
18,5,165.6666717529297,0.001143872388638556,0.0,4.0,3.0,354.0,0.0018990504322573543,0.0,6.0,7.0
18,6,123.6560287475586,0.0014365155948325992,0.0,2.9989216327667236,4.989756107330322,389.0,0.0033983008470386267,0.0,6.0,7.0
18,7,168.42323303222656,0.0008032195037230849,2.8737767934217118e-06,3.006049633026123,4.300931930541992,25009.0,0.009095452725887299,0.01171734556555748,6.0,7.0
18,8,138.7559356689453,0.0009340432588942349,9.30607166083064e-06,2.9941258430480957,3.9037840366363525,24996.0,0.028885556384921074,0.18093594908714294,6.0,145.0
18,9,18.0,0.0014992504147812724,0.0,3.0,3.25,53.0,0.0018990504322573543,0.0,6.0,4.0
18,10,161.3503875732422,0.001307223574258387,0.0,3.0,4.496062755584717,389.0,0.0021989005617797375,0.0,6.0,7.0
18,11,151.22314453125,0.0008760314667597413,5.685149517375976e-06,3.022280216217041,3.9698963165283203,25027.0,0.028885556384921074,0.08389044553041458,6.0,71.0
18,12,160.8590087890625,0.0010620563989505172,6.259760539251147e-06,2.971078395843506,4.19003438949585,25026.0,0.009095452725887299,0.01171734556555748,6.0,7.0
18,13,123.875,0.0012993506388738751,0.0,2.25,3.1875,354.0,0.002098950557410717,0.0,6.0,7.0
18,14,142.0,0.0012868569465354085,0.0,3.0,3.125,354.0,0.002098950557410717,0.0,6.0,7.0
18,15,127.3934097290039,0.0012031763326376677,0.0,2.972559690475464,4.467386245727539,389.0,0.0021989005617797375,0.0,6.0,7.0
18,16,175.4583282470703,0.0008787274709902704,0.0,3.75,3.0,374.0,0.0018990504322573543,0.0,6.0,5.0
18,17,249.41378784179688,0.0006962036131881177,0.0,1.6551724672317505,2.5172414779663086,355.0,0.0018990504322573543,0.0,6.0,5.0
18,18,139.60557556152344,0.0013167433207854629,0.0,2.9786269664764404,4.504533767700195,389.0,0.0021989005617797375,0.0,6.0,7.0
18,19,149.7768096923828,0.001245645573362708,0.0,2.954273223876953,3.675830125808716,389.0,0.0021989005617797375,0.0,6.0,7.0
18,20,136.11778259277344,0.0011881606187671423,8.367341024495545e-07,3.016829013824463,4.576253890991211,25012.0,0.009095452725887299,0.01171734556555748,6.0,7.0
18,21,207.3036346435547,0.0009830064373090863,0.0,3.1089107990264893,3.2244224548339844,389.0,0.002098950557410717,0.0,6.0,7.0
18,22,180.89480590820312,0.0010762207675725222,3.622501753852703e-05,2.981083631515503,3.7698423862457275,25023.0,0.06786606460809708,0.2647545039653778,6.0,1192.0
18,23,168.8636016845703,0.0009889210341498256,4.553817052510567e-05,3.0591728687286377,4.598583698272705,25028.0,0.061869066208601,0.18093594908714294,6.0,145.0
18,24,143.9244842529297,0.0012262387899681926,1.9708884792635217e-05,2.9985570907592773,4.355579376220703,24987.0,0.1234382838010788,0.1521817296743393,6.0,192.0
18,25,149.44448852539062,0.0008836003253236413,0.0,3.088815689086914,3.73396372795105,389.0,0.0021989005617797375,0.0,6.0,7.0
